Using pre-set license
Built from '2020.3/staging' branch; Version is '2020.3.29f1 (2ff179115da0) revision 3142009'; Using compiler version '192528614'; Build Type 'Release'
OS: 'Windows 10  (10.0.19045) 64bit Professional' Language: 'cs' Physical Memory: 65450 MB
BatchMode: 1, IsHumanControllingUs: 0, StartBugReporterOnCrash: 0, Is64bit: 1, IsPro: 0

COMMAND LINE ARGUMENTS:
C:\Program Files\Unity\Hub\Editor\2020.3.29f1\Editor\Unity.exe
-adb2
-batchMode
-noUpm
-name
AssetImportWorker0
-projectPath
C:/Users/jk/Coding/games/GMTK2026/GMTK2026
-logFile
Logs/AssetImportWorker0.log
-srvPort
50369
Successfully changed project path to: C:/Users/jk/Coding/games/GMTK2026/GMTK2026
C:/Users/jk/Coding/games/GMTK2026/GMTK2026
Using Asset Import Pipeline V2.
Refreshing native plugins compatible for Editor in 48.89 ms, found 3 plugins.
Preloading 0 native plugins for Editor in 0.00 ms.
Initialize engine version: 2020.3.29f1 (2ff179115da0)
[Subsystems] Discovering subsystems at path C:/Program Files/Unity/Hub/Editor/2020.3.29f1/Editor/Data/Resources/UnitySubsystems
[Subsystems] Discovering subsystems at path C:/Users/jk/Coding/games/GMTK2026/GMTK2026/Assets
GfxDevice: creating device client; threaded=0
Direct3D:
    Version:  Direct3D 11.0 [level 11.1]
    Renderer: NVIDIA GeForce GTX 1650 SUPER (ID=0x2187)
    Vendor:   
    VRAM:     3930 MB
    Driver:   32.0.15.9597
Initialize mono
Mono path[0] = 'C:/Program Files/Unity/Hub/Editor/2020.3.29f1/Editor/Data/Managed'
Mono path[1] = 'C:/Program Files/Unity/Hub/Editor/2020.3.29f1/Editor/Data/MonoBleedingEdge/lib/mono/unityjit'
Mono config path = 'C:/Program Files/Unity/Hub/Editor/2020.3.29f1/Editor/Data/MonoBleedingEdge/etc'
Using monoOptions --debugger-agent=transport=dt_socket,embedding=1,server=y,suspend=n,address=127.0.0.1:56560
Begin MonoManager ReloadAssembly
Registering precompiled unity dll's ...
Register platform support module: C:/Program Files/Unity/Hub/Editor/2020.3.29f1/Editor/Data/PlaybackEngines/WebGLSupport/UnityEditor.WebGL.Extensions.dll
Register platform support module: C:/Program Files/Unity/Hub/Editor/2020.3.29f1/Editor/Data/PlaybackEngines/WindowsStandaloneSupport/UnityEditor.WindowsStandalone.Extensions.dll
Registered in 0.003263 seconds.
Native extension for WindowsStandalone target not found
Native extension for WebGL target not found
Refreshing native plugins compatible for Editor in 44.96 ms, found 3 plugins.
Preloading 0 native plugins for Editor in 0.00 ms.
Mono: successfully reloaded assembly
- Completed reload, in  0.568 seconds
Domain Reload Profiling:
	ReloadAssembly (568ms)
		BeginReloadAssembly (69ms)
			ExecutionOrderSort (0ms)
			DisableScriptedObjects (0ms)
			BackupInstance (0ms)
			ReleaseScriptingObjects (0ms)
			CreateAndSetChildDomain (1ms)
		EndReloadAssembly (425ms)
			LoadAssemblies (67ms)
			RebuildTransferFunctionScriptingTraits (0ms)
			SetupTypeCache (141ms)
			ReleaseScriptCaches (0ms)
			RebuildScriptCaches (28ms)
			SetupLoadedEditorAssemblies (166ms)
				LogAssemblyErrors (0ms)
				InitializePlatformSupportModulesInManaged (5ms)
				SetLoadedEditorAssemblies (0ms)
				RefreshPlugins (45ms)
				BeforeProcessingInitializeOnLoad (14ms)
				ProcessInitializeOnLoadAttributes (77ms)
				ProcessInitializeOnLoadMethodAttributes (25ms)
				AfterProcessingInitializeOnLoad (0ms)
				EditorAssembliesLoaded (0ms)
			ExecutionOrderSort2 (0ms)
			AwakeInstancesAfterBackupRestoration (0ms)
Platform modules already initialized, skipping
Registering precompiled user dll's ...
Registered in 0.004543 seconds.
Begin MonoManager ReloadAssembly
Native extension for WindowsStandalone target not found
Native extension for WebGL target not found
Refreshing native plugins compatible for Editor in 45.19 ms, found 3 plugins.
Preloading 0 native plugins for Editor in 0.00 ms.
Mono: successfully reloaded assembly
- Completed reload, in  1.070 seconds
Domain Reload Profiling:
	ReloadAssembly (1071ms)
		BeginReloadAssembly (144ms)
			ExecutionOrderSort (0ms)
			DisableScriptedObjects (4ms)
			BackupInstance (0ms)
			ReleaseScriptingObjects (0ms)
			CreateAndSetChildDomain (17ms)
		EndReloadAssembly (865ms)
			LoadAssemblies (102ms)
			RebuildTransferFunctionScriptingTraits (0ms)
			SetupTypeCache (268ms)
			ReleaseScriptCaches (0ms)
			RebuildScriptCaches (48ms)
			SetupLoadedEditorAssemblies (349ms)
				LogAssemblyErrors (0ms)
				InitializePlatformSupportModulesInManaged (4ms)
				SetLoadedEditorAssemblies (0ms)
				RefreshPlugins (45ms)
				BeforeProcessingInitializeOnLoad (89ms)
				ProcessInitializeOnLoadAttributes (185ms)
				ProcessInitializeOnLoadMethodAttributes (15ms)
				AfterProcessingInitializeOnLoad (9ms)
				EditorAssembliesLoaded (0ms)
			ExecutionOrderSort2 (0ms)
			AwakeInstancesAfterBackupRestoration (6ms)
Platform modules already initialized, skipping
========================================================================
Worker process is ready to serve import requests
Launched and connected shader compiler UnityShaderCompiler.exe after 0.04 seconds
Refreshing native plugins compatible for Editor in 0.52 ms, found 3 plugins.
Preloading 0 native plugins for Editor in 0.00 ms.
Unloading 2398 Unused Serialized files (Serialized files now loaded: 0)
System memory in use before: 116.6 MB.
System memory in use after: 116.8 MB.

Unloading 26 unused Assets to reduce memory usage. Loaded Objects now: 2852.
Total: 2.787500 ms (FindLiveObjects: 0.176800 ms CreateObjectMapping: 0.098200 ms MarkObjects: 2.453500 ms  DeleteObjects: 0.057900 ms)

AssetImportParameters requested are different than current active one (requested -> active):
  custom:framework-win-MediaFoundation: 216162199b28c13a410421893ffa2e32 -> 
  custom:video-decoder-ogg-theora: a1e56fd34408186e4bbccfd4996cb3dc -> 
  custom:container-muxer-webm: aa71ff27fc2769a1b78a27578f13a17b -> 
  custom:container-demuxer-webm: 4f35f7cbe854078d1ac9338744f61a02 -> 
  custom:container-demuxer-ogg: 62fdf1f143b41e24485cea50d1cbac27 -> 
  custom:video-encoder-webm-vp8: eb34c28f22e8b96e1ab97ce403110664 -> 
  custom:video-decoder-webm-vp8: 9c59270c3fd7afecdb556c50c9e8de78 -> 
  custom:audio-decoder-ogg-vorbis: bf7c407c2cedff20999df2af8eb42d56 -> 
  custom:audio-encoder-webm-vorbis: bf7c407c2cedff20999df2af8eb42d56 -> 
========================================================================
Received Import Request.
  path: Assets/ShadersAndMaterials/GrayscalePaletteRemap.shader
  artifactKey: Guid(f2a898f19b5f1eb46bf8d6ee84a5b5d2) Importer(815301076,1909f56bfc062723c751e8b465ee728b)
Start importing Assets/ShadersAndMaterials/GrayscalePaletteRemap.shader using Guid(f2a898f19b5f1eb46bf8d6ee84a5b5d2) Importer(815301076,1909f56bfc062723c751e8b465ee728b)  -> (artifact id: 'a86a9e0e8fa8e125cd94b6fe7a33fa10') in 0.038381 seconds 
  Import took 0.041703 seconds .

========================================================================
Received Prepare
Registering precompiled user dll's ...
Registered in 0.003864 seconds.
Begin MonoManager ReloadAssembly
Native extension for WindowsStandalone target not found
Native extension for WebGL target not found
Refreshing native plugins compatible for Editor in 0.50 ms, found 3 plugins.
Preloading 0 native plugins for Editor in 0.00 ms.
Mono: successfully reloaded assembly
- Completed reload, in  0.981 seconds
Domain Reload Profiling:
	ReloadAssembly (981ms)
		BeginReloadAssembly (120ms)
			ExecutionOrderSort (0ms)
			DisableScriptedObjects (6ms)
			BackupInstance (0ms)
			ReleaseScriptingObjects (0ms)
			CreateAndSetChildDomain (31ms)
		EndReloadAssembly (800ms)
			LoadAssemblies (101ms)
			RebuildTransferFunctionScriptingTraits (0ms)
			SetupTypeCache (264ms)
			ReleaseScriptCaches (1ms)
			RebuildScriptCaches (40ms)
			SetupLoadedEditorAssemblies (315ms)
				LogAssemblyErrors (0ms)
				InitializePlatformSupportModulesInManaged (5ms)
				SetLoadedEditorAssemblies (0ms)
				RefreshPlugins (1ms)
				BeforeProcessingInitializeOnLoad (93ms)
				ProcessInitializeOnLoadAttributes (196ms)
				ProcessInitializeOnLoadMethodAttributes (11ms)
				AfterProcessingInitializeOnLoad (9ms)
				EditorAssembliesLoaded (0ms)
			ExecutionOrderSort2 (0ms)
			AwakeInstancesAfterBackupRestoration (8ms)
Platform modules already initialized, skipping
Refreshing native plugins compatible for Editor in 0.49 ms, found 3 plugins.
Preloading 0 native plugins for Editor in 0.00 ms.
Unloading 2370 Unused Serialized files (Serialized files now loaded: 0)
System memory in use before: 114.5 MB.
System memory in use after: 114.7 MB.

Unloading 15 unused Assets to reduce memory usage. Loaded Objects now: 2854.
Total: 2.872700 ms (FindLiveObjects: 0.197700 ms CreateObjectMapping: 0.099900 ms MarkObjects: 2.556500 ms  DeleteObjects: 0.018000 ms)

AssetImportParameters requested are different than current active one (requested -> active):
  custom:framework-win-MediaFoundation: 216162199b28c13a410421893ffa2e32 -> 
  custom:video-decoder-ogg-theora: a1e56fd34408186e4bbccfd4996cb3dc -> 
  custom:container-muxer-webm: aa71ff27fc2769a1b78a27578f13a17b -> 
  custom:container-demuxer-webm: 4f35f7cbe854078d1ac9338744f61a02 -> 
  custom:container-demuxer-ogg: 62fdf1f143b41e24485cea50d1cbac27 -> 
  custom:video-encoder-webm-vp8: eb34c28f22e8b96e1ab97ce403110664 -> 
  custom:video-decoder-webm-vp8: 9c59270c3fd7afecdb556c50c9e8de78 -> 
  custom:audio-decoder-ogg-vorbis: bf7c407c2cedff20999df2af8eb42d56 -> 
  custom:audio-encoder-webm-vorbis: bf7c407c2cedff20999df2af8eb42d56 -> 
========================================================================
Received Prepare
Registering precompiled user dll's ...
Registered in 0.003855 seconds.
Begin MonoManager ReloadAssembly
Native extension for WindowsStandalone target not found
Native extension for WebGL target not found
Refreshing native plugins compatible for Editor in 0.51 ms, found 3 plugins.
Preloading 0 native plugins for Editor in 0.00 ms.
Mono: successfully reloaded assembly
- Completed reload, in  1.016 seconds
Domain Reload Profiling:
	ReloadAssembly (1017ms)
		BeginReloadAssembly (119ms)
			ExecutionOrderSort (0ms)
			DisableScriptedObjects (7ms)
			BackupInstance (0ms)
			ReleaseScriptingObjects (0ms)
			CreateAndSetChildDomain (33ms)
		EndReloadAssembly (837ms)
			LoadAssemblies (106ms)
			RebuildTransferFunctionScriptingTraits (0ms)
			SetupTypeCache (279ms)
			ReleaseScriptCaches (1ms)
			RebuildScriptCaches (44ms)
			SetupLoadedEditorAssemblies (316ms)
				LogAssemblyErrors (0ms)
				InitializePlatformSupportModulesInManaged (6ms)
				SetLoadedEditorAssemblies (0ms)
				RefreshPlugins (1ms)
				BeforeProcessingInitializeOnLoad (102ms)
				ProcessInitializeOnLoadAttributes (185ms)
				ProcessInitializeOnLoadMethodAttributes (14ms)
				AfterProcessingInitializeOnLoad (9ms)
				EditorAssembliesLoaded (0ms)
			ExecutionOrderSort2 (0ms)
			AwakeInstancesAfterBackupRestoration (8ms)
Platform modules already initialized, skipping
Refreshing native plugins compatible for Editor in 0.54 ms, found 3 plugins.
Preloading 0 native plugins for Editor in 0.00 ms.
Unloading 2370 Unused Serialized files (Serialized files now loaded: 0)
System memory in use before: 114.5 MB.
System memory in use after: 114.7 MB.

Unloading 15 unused Assets to reduce memory usage. Loaded Objects now: 2856.
Total: 2.865200 ms (FindLiveObjects: 0.209100 ms CreateObjectMapping: 0.106400 ms MarkObjects: 2.527200 ms  DeleteObjects: 0.021400 ms)

AssetImportParameters requested are different than current active one (requested -> active):
  custom:framework-win-MediaFoundation: 216162199b28c13a410421893ffa2e32 -> 
  custom:video-decoder-ogg-theora: a1e56fd34408186e4bbccfd4996cb3dc -> 
  custom:container-muxer-webm: aa71ff27fc2769a1b78a27578f13a17b -> 
  custom:container-demuxer-webm: 4f35f7cbe854078d1ac9338744f61a02 -> 
  custom:container-demuxer-ogg: 62fdf1f143b41e24485cea50d1cbac27 -> 
  custom:video-encoder-webm-vp8: eb34c28f22e8b96e1ab97ce403110664 -> 
  custom:video-decoder-webm-vp8: 9c59270c3fd7afecdb556c50c9e8de78 -> 
  custom:audio-decoder-ogg-vorbis: bf7c407c2cedff20999df2af8eb42d56 -> 
  custom:audio-encoder-webm-vorbis: bf7c407c2cedff20999df2af8eb42d56 -> 
========================================================================
Received Prepare
Registering precompiled user dll's ...
Registered in 0.003883 seconds.
Begin MonoManager ReloadAssembly
Native extension for WindowsStandalone target not found
Native extension for WebGL target not found
Refreshing native plugins compatible for Editor in 0.86 ms, found 3 plugins.
Preloading 0 native plugins for Editor in 0.00 ms.
Mono: successfully reloaded assembly
- Completed reload, in  1.017 seconds
Domain Reload Profiling:
	ReloadAssembly (1017ms)
		BeginReloadAssembly (124ms)
			ExecutionOrderSort (0ms)
			DisableScriptedObjects (6ms)
			BackupInstance (0ms)
			ReleaseScriptingObjects (0ms)
			CreateAndSetChildDomain (33ms)
		EndReloadAssembly (833ms)
			LoadAssemblies (105ms)
			RebuildTransferFunctionScriptingTraits (0ms)
			SetupTypeCache (288ms)
			ReleaseScriptCaches (1ms)
			RebuildScriptCaches (45ms)
			SetupLoadedEditorAssemblies (311ms)
				LogAssemblyErrors (0ms)
				InitializePlatformSupportModulesInManaged (7ms)
				SetLoadedEditorAssemblies (1ms)
				RefreshPlugins (1ms)
				BeforeProcessingInitializeOnLoad (95ms)
				ProcessInitializeOnLoadAttributes (186ms)
				ProcessInitializeOnLoadMethodAttributes (11ms)
				AfterProcessingInitializeOnLoad (10ms)
				EditorAssembliesLoaded (0ms)
			ExecutionOrderSort2 (0ms)
			AwakeInstancesAfterBackupRestoration (9ms)
Platform modules already initialized, skipping
Refreshing native plugins compatible for Editor in 0.58 ms, found 3 plugins.
Preloading 0 native plugins for Editor in 0.00 ms.
Unloading 2370 Unused Serialized files (Serialized files now loaded: 0)
System memory in use before: 114.5 MB.
System memory in use after: 114.8 MB.

Unloading 15 unused Assets to reduce memory usage. Loaded Objects now: 2858.
Total: 2.822100 ms (FindLiveObjects: 0.207900 ms CreateObjectMapping: 0.117500 ms MarkObjects: 2.475000 ms  DeleteObjects: 0.020600 ms)

AssetImportParameters requested are different than current active one (requested -> active):
  custom:framework-win-MediaFoundation: 216162199b28c13a410421893ffa2e32 -> 
  custom:video-decoder-ogg-theora: a1e56fd34408186e4bbccfd4996cb3dc -> 
  custom:container-muxer-webm: aa71ff27fc2769a1b78a27578f13a17b -> 
  custom:container-demuxer-webm: 4f35f7cbe854078d1ac9338744f61a02 -> 
  custom:container-demuxer-ogg: 62fdf1f143b41e24485cea50d1cbac27 -> 
  custom:video-encoder-webm-vp8: eb34c28f22e8b96e1ab97ce403110664 -> 
  custom:video-decoder-webm-vp8: 9c59270c3fd7afecdb556c50c9e8de78 -> 
  custom:audio-decoder-ogg-vorbis: bf7c407c2cedff20999df2af8eb42d56 -> 
  custom:audio-encoder-webm-vorbis: bf7c407c2cedff20999df2af8eb42d56 -> 
========================================================================
Received Prepare
Registering precompiled user dll's ...
Registered in 0.005933 seconds.
Begin MonoManager ReloadAssembly
Native extension for WindowsStandalone target not found
Native extension for WebGL target not found
Refreshing native plugins compatible for Editor in 0.51 ms, found 3 plugins.
Preloading 0 native plugins for Editor in 0.00 ms.
Mono: successfully reloaded assembly
- Completed reload, in  1.008 seconds
Domain Reload Profiling:
	ReloadAssembly (1008ms)
		BeginReloadAssembly (115ms)
			ExecutionOrderSort (0ms)
			DisableScriptedObjects (9ms)
			BackupInstance (0ms)
			ReleaseScriptingObjects (0ms)
			CreateAndSetChildDomain (30ms)
		EndReloadAssembly (834ms)
			LoadAssemblies (105ms)
			RebuildTransferFunctionScriptingTraits (0ms)
			SetupTypeCache (277ms)
			ReleaseScriptCaches (1ms)
			RebuildScriptCaches (42ms)
			SetupLoadedEditorAssemblies (305ms)
				LogAssemblyErrors (0ms)
				InitializePlatformSupportModulesInManaged (5ms)
				SetLoadedEditorAssemblies (0ms)
				RefreshPlugins (1ms)
				BeforeProcessingInitializeOnLoad (89ms)
				ProcessInitializeOnLoadAttributes (185ms)
				ProcessInitializeOnLoadMethodAttributes (15ms)
				AfterProcessingInitializeOnLoad (9ms)
				EditorAssembliesLoaded (0ms)
			ExecutionOrderSort2 (0ms)
			AwakeInstancesAfterBackupRestoration (9ms)
Platform modules already initialized, skipping
Refreshing native plugins compatible for Editor in 0.51 ms, found 3 plugins.
Preloading 0 native plugins for Editor in 0.00 ms.
Unloading 2370 Unused Serialized files (Serialized files now loaded: 0)
System memory in use before: 114.5 MB.
System memory in use after: 114.8 MB.

Unloading 15 unused Assets to reduce memory usage. Loaded Objects now: 2860.
Total: 2.752000 ms (FindLiveObjects: 0.194200 ms CreateObjectMapping: 0.122600 ms MarkObjects: 2.417200 ms  DeleteObjects: 0.017300 ms)

AssetImportParameters requested are different than current active one (requested -> active):
  custom:framework-win-MediaFoundation: 216162199b28c13a410421893ffa2e32 -> 
  custom:video-decoder-ogg-theora: a1e56fd34408186e4bbccfd4996cb3dc -> 
  custom:container-muxer-webm: aa71ff27fc2769a1b78a27578f13a17b -> 
  custom:container-demuxer-webm: 4f35f7cbe854078d1ac9338744f61a02 -> 
  custom:container-demuxer-ogg: 62fdf1f143b41e24485cea50d1cbac27 -> 
  custom:video-encoder-webm-vp8: eb34c28f22e8b96e1ab97ce403110664 -> 
  custom:video-decoder-webm-vp8: 9c59270c3fd7afecdb556c50c9e8de78 -> 
  custom:audio-decoder-ogg-vorbis: bf7c407c2cedff20999df2af8eb42d56 -> 
  custom:audio-encoder-webm-vorbis: bf7c407c2cedff20999df2af8eb42d56 -> 
========================================================================
Received Prepare
Registering precompiled user dll's ...
Registered in 0.003986 seconds.
Begin MonoManager ReloadAssembly
Native extension for WindowsStandalone target not found
Native extension for WebGL target not found
Refreshing native plugins compatible for Editor in 0.51 ms, found 3 plugins.
Preloading 0 native plugins for Editor in 0.00 ms.
Mono: successfully reloaded assembly
- Completed reload, in  0.974 seconds
Domain Reload Profiling:
	ReloadAssembly (974ms)
		BeginReloadAssembly (115ms)
			ExecutionOrderSort (0ms)
			DisableScriptedObjects (6ms)
			BackupInstance (0ms)
			ReleaseScriptingObjects (0ms)
			CreateAndSetChildDomain (31ms)
		EndReloadAssembly (797ms)
			LoadAssemblies (99ms)
			RebuildTransferFunctionScriptingTraits (0ms)
			SetupTypeCache (264ms)
			ReleaseScriptCaches (1ms)
			RebuildScriptCaches (43ms)
			SetupLoadedEditorAssemblies (305ms)
				LogAssemblyErrors (0ms)
				InitializePlatformSupportModulesInManaged (5ms)
				SetLoadedEditorAssemblies (0ms)
				RefreshPlugins (1ms)
				BeforeProcessingInitializeOnLoad (95ms)
				ProcessInitializeOnLoadAttributes (185ms)
				ProcessInitializeOnLoadMethodAttributes (10ms)
				AfterProcessingInitializeOnLoad (9ms)
				EditorAssembliesLoaded (0ms)
			ExecutionOrderSort2 (0ms)
			AwakeInstancesAfterBackupRestoration (8ms)
Platform modules already initialized, skipping
Refreshing native plugins compatible for Editor in 0.50 ms, found 3 plugins.
Preloading 0 native plugins for Editor in 0.00 ms.
Unloading 2370 Unused Serialized files (Serialized files now loaded: 0)
System memory in use before: 114.5 MB.
System memory in use after: 114.7 MB.

Unloading 15 unused Assets to reduce memory usage. Loaded Objects now: 2862.
Total: 3.038300 ms (FindLiveObjects: 0.193600 ms CreateObjectMapping: 0.097600 ms MarkObjects: 2.728900 ms  DeleteObjects: 0.017500 ms)

AssetImportParameters requested are different than current active one (requested -> active):
  custom:framework-win-MediaFoundation: 216162199b28c13a410421893ffa2e32 -> 
  custom:video-decoder-ogg-theora: a1e56fd34408186e4bbccfd4996cb3dc -> 
  custom:container-muxer-webm: aa71ff27fc2769a1b78a27578f13a17b -> 
  custom:container-demuxer-webm: 4f35f7cbe854078d1ac9338744f61a02 -> 
  custom:container-demuxer-ogg: 62fdf1f143b41e24485cea50d1cbac27 -> 
  custom:video-encoder-webm-vp8: eb34c28f22e8b96e1ab97ce403110664 -> 
  custom:video-decoder-webm-vp8: 9c59270c3fd7afecdb556c50c9e8de78 -> 
  custom:audio-decoder-ogg-vorbis: bf7c407c2cedff20999df2af8eb42d56 -> 
  custom:audio-encoder-webm-vorbis: bf7c407c2cedff20999df2af8eb42d56 -> 
========================================================================
Received Import Request.
  Time since last request: 4970.687664 seconds.
  path: Assets/Prefabs_noninteractable/TaskInterfaces
  artifactKey: Guid(85bdb2328594eb648b70ee51dc686bb2) Importer(815301076,1909f56bfc062723c751e8b465ee728b)
Start importing Assets/Prefabs_noninteractable/TaskInterfaces using Guid(85bdb2328594eb648b70ee51dc686bb2) Importer(815301076,1909f56bfc062723c751e8b465ee728b)  -> (artifact id: '87aca1545aee0bd8f26c18fe9e7eee96') in 0.006264 seconds 
  Import took 0.011017 seconds .

========================================================================
Received Import Request.
  Time since last request: 487.091142 seconds.
  path: Assets/Scripts/TaskMenuMain.cs
  artifactKey: Guid(ddb1f6273250bf849b5025c5f294c88c) Importer(815301076,1909f56bfc062723c751e8b465ee728b)
Start importing Assets/Scripts/TaskMenuMain.cs using Guid(ddb1f6273250bf849b5025c5f294c88c) Importer(815301076,1909f56bfc062723c751e8b465ee728b)  -> (artifact id: 'b27f3f05294a780f601d7482f28a0c32') in 0.009608 seconds 
  Import took 0.013512 seconds .

========================================================================
Received Prepare
Registering precompiled user dll's ...
Registered in 0.004068 seconds.
Begin MonoManager ReloadAssembly
Native extension for WindowsStandalone target not found
Native extension for WebGL target not found
Refreshing native plugins compatible for Editor in 0.54 ms, found 3 plugins.
Preloading 0 native plugins for Editor in 0.00 ms.
Mono: successfully reloaded assembly
- Completed reload, in  0.981 seconds
Domain Reload Profiling:
	ReloadAssembly (982ms)
		BeginReloadAssembly (119ms)
			ExecutionOrderSort (0ms)
			DisableScriptedObjects (7ms)
			BackupInstance (0ms)
			ReleaseScriptingObjects (0ms)
			CreateAndSetChildDomain (30ms)
		EndReloadAssembly (798ms)
			LoadAssemblies (104ms)
			RebuildTransferFunctionScriptingTraits (0ms)
			SetupTypeCache (252ms)
			ReleaseScriptCaches (1ms)
			RebuildScriptCaches (49ms)
			SetupLoadedEditorAssemblies (303ms)
				LogAssemblyErrors (0ms)
				InitializePlatformSupportModulesInManaged (5ms)
				SetLoadedEditorAssemblies (0ms)
				RefreshPlugins (1ms)
				BeforeProcessingInitializeOnLoad (90ms)
				ProcessInitializeOnLoadAttributes (187ms)
				ProcessInitializeOnLoadMethodAttributes (10ms)
				AfterProcessingInitializeOnLoad (9ms)
				EditorAssembliesLoaded (0ms)
			ExecutionOrderSort2 (0ms)
			AwakeInstancesAfterBackupRestoration (8ms)
Platform modules already initialized, skipping
Refreshing native plugins compatible for Editor in 0.50 ms, found 3 plugins.
Preloading 0 native plugins for Editor in 0.00 ms.
Unloading 2371 Unused Serialized files (Serialized files now loaded: 0)
System memory in use before: 114.6 MB.
System memory in use after: 114.8 MB.

Unloading 15 unused Assets to reduce memory usage. Loaded Objects now: 2865.
Total: 2.652300 ms (FindLiveObjects: 0.192100 ms CreateObjectMapping: 0.109600 ms MarkObjects: 2.332500 ms  DeleteObjects: 0.017100 ms)

AssetImportParameters requested are different than current active one (requested -> active):
  custom:framework-win-MediaFoundation: 216162199b28c13a410421893ffa2e32 -> 
  custom:video-decoder-ogg-theora: a1e56fd34408186e4bbccfd4996cb3dc -> 
  custom:container-muxer-webm: aa71ff27fc2769a1b78a27578f13a17b -> 
  custom:container-demuxer-webm: 4f35f7cbe854078d1ac9338744f61a02 -> 
  custom:container-demuxer-ogg: 62fdf1f143b41e24485cea50d1cbac27 -> 
  custom:video-encoder-webm-vp8: eb34c28f22e8b96e1ab97ce403110664 -> 
  custom:video-decoder-webm-vp8: 9c59270c3fd7afecdb556c50c9e8de78 -> 
  custom:audio-decoder-ogg-vorbis: bf7c407c2cedff20999df2af8eb42d56 -> 
  custom:audio-encoder-webm-vorbis: bf7c407c2cedff20999df2af8eb42d56 -> 
========================================================================
Received Import Request.
  Time since last request: 83.335520 seconds.
  path: Assets/Scripts/TaskMenuMain.cs
  artifactKey: Guid(ddb1f6273250bf849b5025c5f294c88c) Importer(815301076,1909f56bfc062723c751e8b465ee728b)
Start importing Assets/Scripts/TaskMenuMain.cs using Guid(ddb1f6273250bf849b5025c5f294c88c) Importer(815301076,1909f56bfc062723c751e8b465ee728b)  -> (artifact id: 'e657da09c639744da43e4ab051354d9c') in 0.004996 seconds 
  Import took 0.008457 seconds .

========================================================================
Received Prepare
Registering precompiled user dll's ...
Registered in 0.003920 seconds.
Begin MonoManager ReloadAssembly
Native extension for WindowsStandalone target not found
Native extension for WebGL target not found
Refreshing native plugins compatible for Editor in 0.60 ms, found 3 plugins.
Preloading 0 native plugins for Editor in 0.00 ms.
Mono: successfully reloaded assembly
- Completed reload, in  0.961 seconds
Domain Reload Profiling:
	ReloadAssembly (961ms)
		BeginReloadAssembly (122ms)
			ExecutionOrderSort (0ms)
			DisableScriptedObjects (6ms)
			BackupInstance (0ms)
			ReleaseScriptingObjects (0ms)
			CreateAndSetChildDomain (35ms)
		EndReloadAssembly (778ms)
			LoadAssemblies (105ms)
			RebuildTransferFunctionScriptingTraits (0ms)
			SetupTypeCache (259ms)
			ReleaseScriptCaches (1ms)
			RebuildScriptCaches (41ms)
			SetupLoadedEditorAssemblies (293ms)
				LogAssemblyErrors (0ms)
				InitializePlatformSupportModulesInManaged (5ms)
				SetLoadedEditorAssemblies (0ms)
				RefreshPlugins (1ms)
				BeforeProcessingInitializeOnLoad (89ms)
				ProcessInitializeOnLoadAttributes (178ms)
				ProcessInitializeOnLoadMethodAttributes (10ms)
				AfterProcessingInitializeOnLoad (9ms)
				EditorAssembliesLoaded (0ms)
			ExecutionOrderSort2 (0ms)
			AwakeInstancesAfterBackupRestoration (8ms)
Platform modules already initialized, skipping
Refreshing native plugins compatible for Editor in 0.52 ms, found 3 plugins.
Preloading 0 native plugins for Editor in 0.00 ms.
Unloading 2371 Unused Serialized files (Serialized files now loaded: 0)
System memory in use before: 114.6 MB.
System memory in use after: 114.8 MB.

Unloading 15 unused Assets to reduce memory usage. Loaded Objects now: 2867.
Total: 2.669900 ms (FindLiveObjects: 0.189500 ms CreateObjectMapping: 0.115500 ms MarkObjects: 2.346900 ms  DeleteObjects: 0.017200 ms)

AssetImportParameters requested are different than current active one (requested -> active):
  custom:framework-win-MediaFoundation: 216162199b28c13a410421893ffa2e32 -> 
  custom:video-decoder-ogg-theora: a1e56fd34408186e4bbccfd4996cb3dc -> 
  custom:container-muxer-webm: aa71ff27fc2769a1b78a27578f13a17b -> 
  custom:container-demuxer-webm: 4f35f7cbe854078d1ac9338744f61a02 -> 
  custom:container-demuxer-ogg: 62fdf1f143b41e24485cea50d1cbac27 -> 
  custom:video-encoder-webm-vp8: eb34c28f22e8b96e1ab97ce403110664 -> 
  custom:video-decoder-webm-vp8: 9c59270c3fd7afecdb556c50c9e8de78 -> 
  custom:audio-decoder-ogg-vorbis: bf7c407c2cedff20999df2af8eb42d56 -> 
  custom:audio-encoder-webm-vorbis: bf7c407c2cedff20999df2af8eb42d56 -> 
========================================================================
Received Import Request.
  Time since last request: 11.540637 seconds.
  path: Assets/Scripts/Task.cs
  artifactKey: Guid(c181fb86693a02543a501e89c459a5fd) Importer(815301076,1909f56bfc062723c751e8b465ee728b)
Start importing Assets/Scripts/Task.cs using Guid(c181fb86693a02543a501e89c459a5fd) Importer(815301076,1909f56bfc062723c751e8b465ee728b)  -> (artifact id: '59f3bcccd9b04bd969aa11a6ec30f9b5') in 0.004408 seconds 
  Import took 0.007681 seconds .

========================================================================
Received Import Request.
  Time since last request: 51.145353 seconds.
  path: Assets/Scripts/Task.cs
  artifactKey: Guid(c181fb86693a02543a501e89c459a5fd) Importer(815301076,1909f56bfc062723c751e8b465ee728b)
Start importing Assets/Scripts/Task.cs using Guid(c181fb86693a02543a501e89c459a5fd) Importer(815301076,1909f56bfc062723c751e8b465ee728b)  -> (artifact id: '741c57bc2e53c240c4f8c22bbbba6a04') in 0.001936 seconds 
  Import took 0.005178 seconds .

========================================================================
Received Import Request.
  Time since last request: 277.708241 seconds.
  path: Assets/Scripts/Task.cs
  artifactKey: Guid(c181fb86693a02543a501e89c459a5fd) Importer(815301076,1909f56bfc062723c751e8b465ee728b)
Start importing Assets/Scripts/Task.cs using Guid(c181fb86693a02543a501e89c459a5fd) Importer(815301076,1909f56bfc062723c751e8b465ee728b)  -> (artifact id: '663a42dea46c8855d3610886d2f0feb6') in 0.001940 seconds 
  Import took 0.005366 seconds .

========================================================================
Received Prepare
Registering precompiled user dll's ...
Registered in 0.003969 seconds.
Begin MonoManager ReloadAssembly
Native extension for WindowsStandalone target not found
Native extension for WebGL target not found
Refreshing native plugins compatible for Editor in 0.51 ms, found 3 plugins.
Preloading 0 native plugins for Editor in 0.00 ms.
Mono: successfully reloaded assembly
- Completed reload, in  0.968 seconds
Domain Reload Profiling:
	ReloadAssembly (969ms)
		BeginReloadAssembly (118ms)
			ExecutionOrderSort (0ms)
			DisableScriptedObjects (6ms)
			BackupInstance (0ms)
			ReleaseScriptingObjects (0ms)
			CreateAndSetChildDomain (31ms)
		EndReloadAssembly (787ms)
			LoadAssemblies (103ms)
			RebuildTransferFunctionScriptingTraits (0ms)
			SetupTypeCache (262ms)
			ReleaseScriptCaches (1ms)
			RebuildScriptCaches (41ms)
			SetupLoadedEditorAssemblies (301ms)
				LogAssemblyErrors (0ms)
				InitializePlatformSupportModulesInManaged (5ms)
				SetLoadedEditorAssemblies (0ms)
				RefreshPlugins (1ms)
				BeforeProcessingInitializeOnLoad (95ms)
				ProcessInitializeOnLoadAttributes (180ms)
				ProcessInitializeOnLoadMethodAttributes (10ms)
				AfterProcessingInitializeOnLoad (9ms)
				EditorAssembliesLoaded (0ms)
			ExecutionOrderSort2 (0ms)
			AwakeInstancesAfterBackupRestoration (8ms)
Platform modules already initialized, skipping
Refreshing native plugins compatible for Editor in 0.50 ms, found 3 plugins.
Preloading 0 native plugins for Editor in 0.00 ms.
Unloading 2371 Unused Serialized files (Serialized files now loaded: 0)
System memory in use before: 114.6 MB.
System memory in use after: 114.8 MB.

Unloading 15 unused Assets to reduce memory usage. Loaded Objects now: 2869.
Total: 3.162000 ms (FindLiveObjects: 0.202200 ms CreateObjectMapping: 0.114800 ms MarkObjects: 2.822800 ms  DeleteObjects: 0.021500 ms)

AssetImportParameters requested are different than current active one (requested -> active):
  custom:framework-win-MediaFoundation: 216162199b28c13a410421893ffa2e32 -> 
  custom:video-decoder-ogg-theora: a1e56fd34408186e4bbccfd4996cb3dc -> 
  custom:container-muxer-webm: aa71ff27fc2769a1b78a27578f13a17b -> 
  custom:container-demuxer-webm: 4f35f7cbe854078d1ac9338744f61a02 -> 
  custom:container-demuxer-ogg: 62fdf1f143b41e24485cea50d1cbac27 -> 
  custom:video-encoder-webm-vp8: eb34c28f22e8b96e1ab97ce403110664 -> 
  custom:video-decoder-webm-vp8: 9c59270c3fd7afecdb556c50c9e8de78 -> 
  custom:audio-decoder-ogg-vorbis: bf7c407c2cedff20999df2af8eb42d56 -> 
  custom:audio-encoder-webm-vorbis: bf7c407c2cedff20999df2af8eb42d56 -> 
========================================================================
Received Prepare
Registering precompiled user dll's ...
Registered in 0.003966 seconds.
Begin MonoManager ReloadAssembly
Native extension for WindowsStandalone target not found
Native extension for WebGL target not found
Refreshing native plugins compatible for Editor in 0.51 ms, found 3 plugins.
Preloading 0 native plugins for Editor in 0.00 ms.
Mono: successfully reloaded assembly
- Completed reload, in  0.971 seconds
Domain Reload Profiling:
	ReloadAssembly (972ms)
		BeginReloadAssembly (117ms)
			ExecutionOrderSort (0ms)
			DisableScriptedObjects (6ms)
			BackupInstance (0ms)
			ReleaseScriptingObjects (0ms)
			CreateAndSetChildDomain (30ms)
		EndReloadAssembly (793ms)
			LoadAssemblies (101ms)
			RebuildTransferFunctionScriptingTraits (0ms)
			SetupTypeCache (264ms)
			ReleaseScriptCaches (1ms)
			RebuildScriptCaches (42ms)
			SetupLoadedEditorAssemblies (303ms)
				LogAssemblyErrors (0ms)
				InitializePlatformSupportModulesInManaged (5ms)
				SetLoadedEditorAssemblies (0ms)
				RefreshPlugins (1ms)
				BeforeProcessingInitializeOnLoad (91ms)
				ProcessInitializeOnLoadAttributes (186ms)
				ProcessInitializeOnLoadMethodAttributes (10ms)
				AfterProcessingInitializeOnLoad (9ms)
				EditorAssembliesLoaded (0ms)
			ExecutionOrderSort2 (0ms)
			AwakeInstancesAfterBackupRestoration (8ms)
Platform modules already initialized, skipping
Refreshing native plugins compatible for Editor in 0.51 ms, found 3 plugins.
Preloading 0 native plugins for Editor in 0.00 ms.
Unloading 2371 Unused Serialized files (Serialized files now loaded: 0)
System memory in use before: 114.6 MB.
System memory in use after: 114.8 MB.

Unloading 15 unused Assets to reduce memory usage. Loaded Objects now: 2871.
Total: 2.595900 ms (FindLiveObjects: 0.181100 ms CreateObjectMapping: 0.099800 ms MarkObjects: 2.297600 ms  DeleteObjects: 0.016600 ms)

AssetImportParameters requested are different than current active one (requested -> active):
  custom:framework-win-MediaFoundation: 216162199b28c13a410421893ffa2e32 -> 
  custom:video-decoder-ogg-theora: a1e56fd34408186e4bbccfd4996cb3dc -> 
  custom:container-muxer-webm: aa71ff27fc2769a1b78a27578f13a17b -> 
  custom:container-demuxer-webm: 4f35f7cbe854078d1ac9338744f61a02 -> 
  custom:container-demuxer-ogg: 62fdf1f143b41e24485cea50d1cbac27 -> 
  custom:video-encoder-webm-vp8: eb34c28f22e8b96e1ab97ce403110664 -> 
  custom:video-decoder-webm-vp8: 9c59270c3fd7afecdb556c50c9e8de78 -> 
  custom:audio-decoder-ogg-vorbis: bf7c407c2cedff20999df2af8eb42d56 -> 
  custom:audio-encoder-webm-vorbis: bf7c407c2cedff20999df2af8eb42d56 -> 
========================================================================
Received Import Request.
  Time since last request: 186.592890 seconds.
  path: ProjectSettings/TagManager.asset
  artifactKey: Guid(00000000000000003000000000000000) Importer(815301076,1909f56bfc062723c751e8b465ee728b)
Start importing ProjectSettings/TagManager.asset using Guid(00000000000000003000000000000000) Importer(815301076,1909f56bfc062723c751e8b465ee728b)  -> (artifact id: '5ef72b52ea21ab6e3c43d92af0ad8d90') in 0.032471 seconds 
  Import took 0.035764 seconds .

========================================================================
Received Prepare
Registering precompiled user dll's ...
Registered in 0.003993 seconds.
Begin MonoManager ReloadAssembly
Native extension for WindowsStandalone target not found
Native extension for WebGL target not found
Refreshing native plugins compatible for Editor in 0.50 ms, found 3 plugins.
Preloading 0 native plugins for Editor in 0.00 ms.
Mono: successfully reloaded assembly
- Completed reload, in  0.951 seconds
Domain Reload Profiling:
	ReloadAssembly (952ms)
		BeginReloadAssembly (118ms)
			ExecutionOrderSort (0ms)
			DisableScriptedObjects (6ms)
			BackupInstance (0ms)
			ReleaseScriptingObjects (0ms)
			CreateAndSetChildDomain (30ms)
		EndReloadAssembly (774ms)
			LoadAssemblies (106ms)
			RebuildTransferFunctionScriptingTraits (0ms)
			SetupTypeCache (256ms)
			ReleaseScriptCaches (1ms)
			RebuildScriptCaches (42ms)
			SetupLoadedEditorAssemblies (292ms)
				LogAssemblyErrors (0ms)
				InitializePlatformSupportModulesInManaged (5ms)
				SetLoadedEditorAssemblies (0ms)
				RefreshPlugins (1ms)
				BeforeProcessingInitializeOnLoad (90ms)
				ProcessInitializeOnLoadAttributes (177ms)
				ProcessInitializeOnLoadMethodAttributes (9ms)
				AfterProcessingInitializeOnLoad (9ms)
				EditorAssembliesLoaded (0ms)
			ExecutionOrderSort2 (0ms)
			AwakeInstancesAfterBackupRestoration (8ms)
Platform modules already initialized, skipping
Refreshing native plugins compatible for Editor in 0.49 ms, found 3 plugins.
Preloading 0 native plugins for Editor in 0.00 ms.
Unloading 2371 Unused Serialized files (Serialized files now loaded: 0)
System memory in use before: 114.5 MB.
System memory in use after: 114.7 MB.

Unloading 16 unused Assets to reduce memory usage. Loaded Objects now: 2873.
Total: 2.942200 ms (FindLiveObjects: 0.198300 ms CreateObjectMapping: 0.096900 ms MarkObjects: 2.627400 ms  DeleteObjects: 0.018900 ms)

AssetImportParameters requested are different than current active one (requested -> active):
  custom:framework-win-MediaFoundation: 216162199b28c13a410421893ffa2e32 -> 
  custom:video-decoder-ogg-theora: a1e56fd34408186e4bbccfd4996cb3dc -> 
  custom:container-muxer-webm: aa71ff27fc2769a1b78a27578f13a17b -> 
  custom:container-demuxer-webm: 4f35f7cbe854078d1ac9338744f61a02 -> 
  custom:container-demuxer-ogg: 62fdf1f143b41e24485cea50d1cbac27 -> 
  custom:video-encoder-webm-vp8: eb34c28f22e8b96e1ab97ce403110664 -> 
  custom:video-decoder-webm-vp8: 9c59270c3fd7afecdb556c50c9e8de78 -> 
  custom:audio-decoder-ogg-vorbis: bf7c407c2cedff20999df2af8eb42d56 -> 
  custom:audio-encoder-webm-vorbis: bf7c407c2cedff20999df2af8eb42d56 -> 
========================================================================
Received Prepare
Registering precompiled user dll's ...
Registered in 0.004092 seconds.
Begin MonoManager ReloadAssembly
Native extension for WindowsStandalone target not found
Native extension for WebGL target not found
Refreshing native plugins compatible for Editor in 0.50 ms, found 3 plugins.
Preloading 0 native plugins for Editor in 0.00 ms.
Mono: successfully reloaded assembly
- Completed reload, in  0.949 seconds
Domain Reload Profiling:
	ReloadAssembly (949ms)
		BeginReloadAssembly (115ms)
			ExecutionOrderSort (0ms)
			DisableScriptedObjects (6ms)
			BackupInstance (0ms)
			ReleaseScriptingObjects (0ms)
			CreateAndSetChildDomain (30ms)
		EndReloadAssembly (773ms)
			LoadAssemblies (102ms)
			RebuildTransferFunctionScriptingTraits (0ms)
			SetupTypeCache (253ms)
			ReleaseScriptCaches (1ms)
			RebuildScriptCaches (41ms)
			SetupLoadedEditorAssemblies (297ms)
				LogAssemblyErrors (0ms)
				InitializePlatformSupportModulesInManaged (5ms)
				SetLoadedEditorAssemblies (0ms)
				RefreshPlugins (1ms)
				BeforeProcessingInitializeOnLoad (87ms)
				ProcessInitializeOnLoadAttributes (185ms)
				ProcessInitializeOnLoadMethodAttributes (10ms)
				AfterProcessingInitializeOnLoad (9ms)
				EditorAssembliesLoaded (0ms)
			ExecutionOrderSort2 (0ms)
			AwakeInstancesAfterBackupRestoration (8ms)
Platform modules already initialized, skipping
Refreshing native plugins compatible for Editor in 0.50 ms, found 3 plugins.
Preloading 0 native plugins for Editor in 0.00 ms.
Unloading 2371 Unused Serialized files (Serialized files now loaded: 0)
System memory in use before: 114.6 MB.
System memory in use after: 114.8 MB.

Unloading 15 unused Assets to reduce memory usage. Loaded Objects now: 2875.
Total: 2.746300 ms (FindLiveObjects: 0.177200 ms CreateObjectMapping: 0.101900 ms MarkObjects: 2.447700 ms  DeleteObjects: 0.018500 ms)

AssetImportParameters requested are different than current active one (requested -> active):
  custom:framework-win-MediaFoundation: 216162199b28c13a410421893ffa2e32 -> 
  custom:video-decoder-ogg-theora: a1e56fd34408186e4bbccfd4996cb3dc -> 
  custom:container-muxer-webm: aa71ff27fc2769a1b78a27578f13a17b -> 
  custom:container-demuxer-webm: 4f35f7cbe854078d1ac9338744f61a02 -> 
  custom:container-demuxer-ogg: 62fdf1f143b41e24485cea50d1cbac27 -> 
  custom:video-encoder-webm-vp8: eb34c28f22e8b96e1ab97ce403110664 -> 
  custom:video-decoder-webm-vp8: 9c59270c3fd7afecdb556c50c9e8de78 -> 
  custom:audio-decoder-ogg-vorbis: bf7c407c2cedff20999df2af8eb42d56 -> 
  custom:audio-encoder-webm-vorbis: bf7c407c2cedff20999df2af8eb42d56 -> 
========================================================================
Received Import Request.
  Time since last request: 208.633345 seconds.
  path: Assets/Scripts/Bomb.cs
  artifactKey: Guid(7257a141b38d86c40aeba5c1517f0620) Importer(815301076,1909f56bfc062723c751e8b465ee728b)
Start importing Assets/Scripts/Bomb.cs using Guid(7257a141b38d86c40aeba5c1517f0620) Importer(815301076,1909f56bfc062723c751e8b465ee728b)  -> (artifact id: '236c74ad30f7ad298ff42d2d26f7a43b') in 0.004763 seconds 
  Import took 0.008225 seconds .

========================================================================
Received Import Request.
  Time since last request: 7.650790 seconds.
  path: Assets/Scripts/BoxOpener.cs
  artifactKey: Guid(59a06b413339463469b7d8c41636ba75) Importer(815301076,1909f56bfc062723c751e8b465ee728b)
Start importing Assets/Scripts/BoxOpener.cs using Guid(59a06b413339463469b7d8c41636ba75) Importer(815301076,1909f56bfc062723c751e8b465ee728b)  -> (artifact id: '8e018a83e44bc9fd941e7294a581968d') in 0.002036 seconds 
  Import took 0.005310 seconds .

========================================================================
Received Import Request.
  Time since last request: 6.913581 seconds.
  path: Assets/Scripts/Computer.cs
  artifactKey: Guid(2115d31809d580f4c9683ea582df1f66) Importer(815301076,1909f56bfc062723c751e8b465ee728b)
Start importing Assets/Scripts/Computer.cs using Guid(2115d31809d580f4c9683ea582df1f66) Importer(815301076,1909f56bfc062723c751e8b465ee728b)  -> (artifact id: '31bd8959ede0c03653eb5b19af91f07d') in 0.002179 seconds 
  Import took 0.005666 seconds .

========================================================================
Received Import Request.
  Time since last request: 2.717588 seconds.
  path: Assets/Scripts/Door.cs
  artifactKey: Guid(285ad007b7195764c8cf4233196a22d2) Importer(815301076,1909f56bfc062723c751e8b465ee728b)
Start importing Assets/Scripts/Door.cs using Guid(285ad007b7195764c8cf4233196a22d2) Importer(815301076,1909f56bfc062723c751e8b465ee728b)  -> (artifact id: 'e01c206abc3e7ed232abc6f0e5202165') in 0.001847 seconds 
  Import took 0.005223 seconds .

========================================================================
Received Import Request.
  Time since last request: 3.054983 seconds.
  path: Assets/Scripts/HorseBox.cs
  artifactKey: Guid(ac8b83c3e7210374e9fdc7fb7e1cc914) Importer(815301076,1909f56bfc062723c751e8b465ee728b)
Start importing Assets/Scripts/HorseBox.cs using Guid(ac8b83c3e7210374e9fdc7fb7e1cc914) Importer(815301076,1909f56bfc062723c751e8b465ee728b)  -> (artifact id: 'eaf4d48668beb7da1870b33a990166b6') in 0.003256 seconds 
  Import took 0.006470 seconds .

========================================================================
Received Import Request.
  Time since last request: 8.835109 seconds.
  path: Assets/Scripts/Item.cs
  artifactKey: Guid(973d3cd11c94bc34595d6ff4ed1ba18b) Importer(815301076,1909f56bfc062723c751e8b465ee728b)
Start importing Assets/Scripts/Item.cs using Guid(973d3cd11c94bc34595d6ff4ed1ba18b) Importer(815301076,1909f56bfc062723c751e8b465ee728b)  -> (artifact id: '9904cf25f165753622637d7cc586071f') in 0.002014 seconds 
  Import took 0.005383 seconds .

========================================================================
Received Import Request.
  Time since last request: 12.080983 seconds.
  path: Assets/Scripts/MusicManager.cs
  artifactKey: Guid(f6dd5aa72916b5a4e8170be73a482037) Importer(815301076,1909f56bfc062723c751e8b465ee728b)
Start importing Assets/Scripts/MusicManager.cs using Guid(f6dd5aa72916b5a4e8170be73a482037) Importer(815301076,1909f56bfc062723c751e8b465ee728b)  -> (artifact id: '32bbf20b2d7e0569ca3205babf54b9cf') in 0.003396 seconds 
  Import took 0.006788 seconds .

========================================================================
Received Import Request.
  Time since last request: 4.887537 seconds.
  path: Assets/Scripts/PlayerControler.cs
  artifactKey: Guid(3214e4ed0bc3a864c853496617208e15) Importer(815301076,1909f56bfc062723c751e8b465ee728b)
Start importing Assets/Scripts/PlayerControler.cs using Guid(3214e4ed0bc3a864c853496617208e15) Importer(815301076,1909f56bfc062723c751e8b465ee728b)  -> (artifact id: '6d4a4837cea76d1b3c1dc7eb31bedfcb') in 0.002093 seconds 
  Import took 0.006826 seconds .

========================================================================
Received Import Request.
  Time since last request: 0.869541 seconds.
  path: Assets/Scripts/quit.cs
  artifactKey: Guid(c5f284cdbe7243a478dfa190ddcdf6db) Importer(815301076,1909f56bfc062723c751e8b465ee728b)
Start importing Assets/Scripts/quit.cs using Guid(c5f284cdbe7243a478dfa190ddcdf6db) Importer(815301076,1909f56bfc062723c751e8b465ee728b)  -> (artifact id: '87854ee60f6cc0e82be2d04a5ab06ccd') in 0.001906 seconds 
  Import took 0.005190 seconds .

========================================================================
Received Import Request.
  Time since last request: 11.867924 seconds.
  path: Assets/Scripts/SpriteOutlineManager.cs
  artifactKey: Guid(aa08f31785cfdc249ae86bde76773492) Importer(815301076,1909f56bfc062723c751e8b465ee728b)
Start importing Assets/Scripts/SpriteOutlineManager.cs using Guid(aa08f31785cfdc249ae86bde76773492) Importer(815301076,1909f56bfc062723c751e8b465ee728b)  -> (artifact id: '1f42e5c826bbef344ce84bc7352eb44c') in 0.002174 seconds 
  Import took 0.005440 seconds .

========================================================================
Received Import Request.
  Time since last request: 12.211841 seconds.
  path: Assets/Scripts/Task.cs
  artifactKey: Guid(c181fb86693a02543a501e89c459a5fd) Importer(815301076,1909f56bfc062723c751e8b465ee728b)
Start importing Assets/Scripts/Task.cs using Guid(c181fb86693a02543a501e89c459a5fd) Importer(815301076,1909f56bfc062723c751e8b465ee728b)  -> (artifact id: '004a9bf906846f493965a2a1a21d2342') in 0.001778 seconds 
  Import took 0.004849 seconds .

========================================================================
Received Import Request.
  Time since last request: 1.142682 seconds.
  path: Assets/Scripts/ToggleFollowCursor.cs
  artifactKey: Guid(4dbb814576f64dd4bbb5e471fbc55bc1) Importer(815301076,1909f56bfc062723c751e8b465ee728b)
Start importing Assets/Scripts/ToggleFollowCursor.cs using Guid(4dbb814576f64dd4bbb5e471fbc55bc1) Importer(815301076,1909f56bfc062723c751e8b465ee728b)  -> (artifact id: '5b014c931af5039738076345a27e0186') in 0.001841 seconds 
  Import took 0.004979 seconds .

========================================================================
Received Import Request.
  Time since last request: 133.182313 seconds.
  path: Assets/Scripts/Computer.cs
  artifactKey: Guid(2115d31809d580f4c9683ea582df1f66) Importer(815301076,1909f56bfc062723c751e8b465ee728b)
Start importing Assets/Scripts/Computer.cs using Guid(2115d31809d580f4c9683ea582df1f66) Importer(815301076,1909f56bfc062723c751e8b465ee728b)  -> (artifact id: 'e0112eeb4e22a72c2b78a9059e496617') in 0.001940 seconds 
  Import took 0.005442 seconds .

========================================================================
Received Prepare
Registering precompiled user dll's ...
Registered in 0.003984 seconds.
Begin MonoManager ReloadAssembly
Native extension for WindowsStandalone target not found
Native extension for WebGL target not found
Refreshing native plugins compatible for Editor in 0.50 ms, found 3 plugins.
Preloading 0 native plugins for Editor in 0.00 ms.
Mono: successfully reloaded assembly
- Completed reload, in  0.969 seconds
Domain Reload Profiling:
	ReloadAssembly (969ms)
		BeginReloadAssembly (118ms)
			ExecutionOrderSort (0ms)
			DisableScriptedObjects (6ms)
			BackupInstance (0ms)
			ReleaseScriptingObjects (0ms)
			CreateAndSetChildDomain (31ms)
		EndReloadAssembly (785ms)
			LoadAssemblies (101ms)
			RebuildTransferFunctionScriptingTraits (0ms)
			SetupTypeCache (261ms)
			ReleaseScriptCaches (1ms)
			RebuildScriptCaches (41ms)
			SetupLoadedEditorAssemblies (299ms)
				LogAssemblyErrors (0ms)
				InitializePlatformSupportModulesInManaged (5ms)
				SetLoadedEditorAssemblies (0ms)
				RefreshPlugins (1ms)
				BeforeProcessingInitializeOnLoad (88ms)
				ProcessInitializeOnLoadAttributes (184ms)
				ProcessInitializeOnLoadMethodAttributes (11ms)
				AfterProcessingInitializeOnLoad (9ms)
				EditorAssembliesLoaded (0ms)
			ExecutionOrderSort2 (0ms)
			AwakeInstancesAfterBackupRestoration (8ms)
Platform modules already initialized, skipping
Refreshing native plugins compatible for Editor in 0.50 ms, found 3 plugins.
Preloading 0 native plugins for Editor in 0.00 ms.
Unloading 2371 Unused Serialized files (Serialized files now loaded: 0)
System memory in use before: 114.6 MB.
System memory in use after: 114.8 MB.

Unloading 15 unused Assets to reduce memory usage. Loaded Objects now: 2877.
Total: 3.419400 ms (FindLiveObjects: 0.217800 ms CreateObjectMapping: 0.160200 ms MarkObjects: 3.011000 ms  DeleteObjects: 0.029000 ms)

AssetImportParameters requested are different than current active one (requested -> active):
  custom:framework-win-MediaFoundation: 216162199b28c13a410421893ffa2e32 -> 
  custom:video-decoder-ogg-theora: a1e56fd34408186e4bbccfd4996cb3dc -> 
  custom:container-muxer-webm: aa71ff27fc2769a1b78a27578f13a17b -> 
  custom:container-demuxer-webm: 4f35f7cbe854078d1ac9338744f61a02 -> 
  custom:container-demuxer-ogg: 62fdf1f143b41e24485cea50d1cbac27 -> 
  custom:video-encoder-webm-vp8: eb34c28f22e8b96e1ab97ce403110664 -> 
  custom:video-decoder-webm-vp8: 9c59270c3fd7afecdb556c50c9e8de78 -> 
  custom:audio-decoder-ogg-vorbis: bf7c407c2cedff20999df2af8eb42d56 -> 
  custom:audio-encoder-webm-vorbis: bf7c407c2cedff20999df2af8eb42d56 -> 
========================================================================
Received Import Request.
  Time since last request: 73.668127 seconds.
  path: Assets/Scripts/LockCaller.cs
  artifactKey: Guid(9fbbd8208cf6e454a94be72d7c0fbab5) Importer(815301076,1909f56bfc062723c751e8b465ee728b)
Start importing Assets/Scripts/LockCaller.cs using Guid(9fbbd8208cf6e454a94be72d7c0fbab5) Importer(815301076,1909f56bfc062723c751e8b465ee728b)  -> (artifact id: '7c50977ae49538e8761fb59a18e89e8c') in 0.006009 seconds 
  Import took 0.009513 seconds .

========================================================================
Received Prepare
Registering precompiled user dll's ...
Registered in 0.003941 seconds.
Begin MonoManager ReloadAssembly
Native extension for WindowsStandalone target not found
Native extension for WebGL target not found
Refreshing native plugins compatible for Editor in 0.52 ms, found 3 plugins.
Preloading 0 native plugins for Editor in 0.00 ms.
Mono: successfully reloaded assembly
- Completed reload, in  0.964 seconds
Domain Reload Profiling:
	ReloadAssembly (965ms)
		BeginReloadAssembly (118ms)
			ExecutionOrderSort (0ms)
			DisableScriptedObjects (5ms)
			BackupInstance (0ms)
			ReleaseScriptingObjects (0ms)
			CreateAndSetChildDomain (31ms)
		EndReloadAssembly (778ms)
			LoadAssemblies (102ms)
			RebuildTransferFunctionScriptingTraits (0ms)
			SetupTypeCache (260ms)
			ReleaseScriptCaches (1ms)
			RebuildScriptCaches (41ms)
			SetupLoadedEditorAssemblies (294ms)
				LogAssemblyErrors (0ms)
				InitializePlatformSupportModulesInManaged (5ms)
				SetLoadedEditorAssemblies (0ms)
				RefreshPlugins (1ms)
				BeforeProcessingInitializeOnLoad (88ms)
				ProcessInitializeOnLoadAttributes (180ms)
				ProcessInitializeOnLoadMethodAttributes (10ms)
				AfterProcessingInitializeOnLoad (10ms)
				EditorAssembliesLoaded (0ms)
			ExecutionOrderSort2 (0ms)
			AwakeInstancesAfterBackupRestoration (8ms)
Platform modules already initialized, skipping
Refreshing native plugins compatible for Editor in 0.50 ms, found 3 plugins.
Preloading 0 native plugins for Editor in 0.00 ms.
Unloading 2371 Unused Serialized files (Serialized files now loaded: 0)
System memory in use before: 114.6 MB.
System memory in use after: 114.9 MB.

Unloading 15 unused Assets to reduce memory usage. Loaded Objects now: 2879.
Total: 2.987400 ms (FindLiveObjects: 0.208900 ms CreateObjectMapping: 0.105100 ms MarkObjects: 2.649700 ms  DeleteObjects: 0.023300 ms)

AssetImportParameters requested are different than current active one (requested -> active):
  custom:framework-win-MediaFoundation: 216162199b28c13a410421893ffa2e32 -> 
  custom:video-decoder-ogg-theora: a1e56fd34408186e4bbccfd4996cb3dc -> 
  custom:container-muxer-webm: aa71ff27fc2769a1b78a27578f13a17b -> 
  custom:container-demuxer-webm: 4f35f7cbe854078d1ac9338744f61a02 -> 
  custom:container-demuxer-ogg: 62fdf1f143b41e24485cea50d1cbac27 -> 
  custom:video-encoder-webm-vp8: eb34c28f22e8b96e1ab97ce403110664 -> 
  custom:video-decoder-webm-vp8: 9c59270c3fd7afecdb556c50c9e8de78 -> 
  custom:audio-decoder-ogg-vorbis: bf7c407c2cedff20999df2af8eb42d56 -> 
  custom:audio-encoder-webm-vorbis: bf7c407c2cedff20999df2af8eb42d56 -> 
========================================================================
Received Import Request.
  Time since last request: 43.757658 seconds.
  path: Assets/Scripts/ScrewCover.cs
  artifactKey: Guid(cc80af8e6a291d444b7b4cfa98011bc1) Importer(815301076,1909f56bfc062723c751e8b465ee728b)
Start importing Assets/Scripts/ScrewCover.cs using Guid(cc80af8e6a291d444b7b4cfa98011bc1) Importer(815301076,1909f56bfc062723c751e8b465ee728b)  -> (artifact id: '1da3bdc4402119b619dedcf77440223e') in 0.005991 seconds 
  Import took 0.009377 seconds .

========================================================================
Received Prepare
Registering precompiled user dll's ...
Registered in 0.003825 seconds.
Begin MonoManager ReloadAssembly
Native extension for WindowsStandalone target not found
Native extension for WebGL target not found
Refreshing native plugins compatible for Editor in 0.50 ms, found 3 plugins.
Preloading 0 native plugins for Editor in 0.00 ms.
Mono: successfully reloaded assembly
- Completed reload, in  0.957 seconds
Domain Reload Profiling:
	ReloadAssembly (957ms)
		BeginReloadAssembly (117ms)
			ExecutionOrderSort (0ms)
			DisableScriptedObjects (6ms)
			BackupInstance (0ms)
			ReleaseScriptingObjects (0ms)
			CreateAndSetChildDomain (30ms)
		EndReloadAssembly (776ms)
			LoadAssemblies (103ms)
			RebuildTransferFunctionScriptingTraits (0ms)
			SetupTypeCache (260ms)
			ReleaseScriptCaches (1ms)
			RebuildScriptCaches (41ms)
			SetupLoadedEditorAssemblies (289ms)
				LogAssemblyErrors (0ms)
				InitializePlatformSupportModulesInManaged (5ms)
				SetLoadedEditorAssemblies (0ms)
				RefreshPlugins (1ms)
				BeforeProcessingInitializeOnLoad (88ms)
				ProcessInitializeOnLoadAttributes (175ms)
				ProcessInitializeOnLoadMethodAttributes (11ms)
				AfterProcessingInitializeOnLoad (9ms)
				EditorAssembliesLoaded (0ms)
			ExecutionOrderSort2 (0ms)
			AwakeInstancesAfterBackupRestoration (8ms)
Platform modules already initialized, skipping
Refreshing native plugins compatible for Editor in 0.50 ms, found 3 plugins.
Preloading 0 native plugins for Editor in 0.00 ms.
Unloading 2371 Unused Serialized files (Serialized files now loaded: 0)
System memory in use before: 114.6 MB.
System memory in use after: 114.9 MB.

Unloading 15 unused Assets to reduce memory usage. Loaded Objects now: 2881.
Total: 3.053000 ms (FindLiveObjects: 0.251400 ms CreateObjectMapping: 0.096900 ms MarkObjects: 2.685700 ms  DeleteObjects: 0.018300 ms)

AssetImportParameters requested are different than current active one (requested -> active):
  custom:framework-win-MediaFoundation: 216162199b28c13a410421893ffa2e32 -> 
  custom:video-decoder-ogg-theora: a1e56fd34408186e4bbccfd4996cb3dc -> 
  custom:container-muxer-webm: aa71ff27fc2769a1b78a27578f13a17b -> 
  custom:container-demuxer-webm: 4f35f7cbe854078d1ac9338744f61a02 -> 
  custom:container-demuxer-ogg: 62fdf1f143b41e24485cea50d1cbac27 -> 
  custom:video-encoder-webm-vp8: eb34c28f22e8b96e1ab97ce403110664 -> 
  custom:video-decoder-webm-vp8: 9c59270c3fd7afecdb556c50c9e8de78 -> 
  custom:audio-decoder-ogg-vorbis: bf7c407c2cedff20999df2af8eb42d56 -> 
  custom:audio-encoder-webm-vorbis: bf7c407c2cedff20999df2af8eb42d56 -> 
========================================================================
Received Import Request.
  Time since last request: 19.277237 seconds.
  path: Assets/Scripts/ScrewCover.cs
  artifactKey: Guid(cc80af8e6a291d444b7b4cfa98011bc1) Importer(815301076,1909f56bfc062723c751e8b465ee728b)
Start importing Assets/Scripts/ScrewCover.cs using Guid(cc80af8e6a291d444b7b4cfa98011bc1) Importer(815301076,1909f56bfc062723c751e8b465ee728b)  -> (artifact id: 'fa5944edd5ca2f230ebcaed4e67d740f') in 0.004517 seconds 
  Import took 0.007908 seconds .

========================================================================
Received Prepare
Registering precompiled user dll's ...
Registered in 0.004513 seconds.
Begin MonoManager ReloadAssembly
Native extension for WindowsStandalone target not found
Native extension for WebGL target not found
Refreshing native plugins compatible for Editor in 0.50 ms, found 3 plugins.
Preloading 0 native plugins for Editor in 0.00 ms.
Mono: successfully reloaded assembly
- Completed reload, in  0.969 seconds
Domain Reload Profiling:
	ReloadAssembly (969ms)
		BeginReloadAssembly (115ms)
			ExecutionOrderSort (0ms)
			DisableScriptedObjects (6ms)
			BackupInstance (0ms)
			ReleaseScriptingObjects (0ms)
			CreateAndSetChildDomain (30ms)
		EndReloadAssembly (793ms)
			LoadAssemblies (101ms)
			RebuildTransferFunctionScriptingTraits (0ms)
			SetupTypeCache (267ms)
			ReleaseScriptCaches (1ms)
			RebuildScriptCaches (41ms)
			SetupLoadedEditorAssemblies (301ms)
				LogAssemblyErrors (0ms)
				InitializePlatformSupportModulesInManaged (5ms)
				SetLoadedEditorAssemblies (0ms)
				RefreshPlugins (1ms)
				BeforeProcessingInitializeOnLoad (91ms)
				ProcessInitializeOnLoadAttributes (183ms)
				ProcessInitializeOnLoadMethodAttributes (11ms)
				AfterProcessingInitializeOnLoad (9ms)
				EditorAssembliesLoaded (0ms)
			ExecutionOrderSort2 (0ms)
			AwakeInstancesAfterBackupRestoration (8ms)
Platform modules already initialized, skipping
Refreshing native plugins compatible for Editor in 0.55 ms, found 3 plugins.
Preloading 0 native plugins for Editor in 0.00 ms.
Unloading 2371 Unused Serialized files (Serialized files now loaded: 0)
System memory in use before: 114.5 MB.
System memory in use after: 114.8 MB.

Unloading 15 unused Assets to reduce memory usage. Loaded Objects now: 2883.
Total: 2.945600 ms (FindLiveObjects: 0.199100 ms CreateObjectMapping: 0.098800 ms MarkObjects: 2.628100 ms  DeleteObjects: 0.018800 ms)

AssetImportParameters requested are different than current active one (requested -> active):
  custom:framework-win-MediaFoundation: 216162199b28c13a410421893ffa2e32 -> 
  custom:video-decoder-ogg-theora: a1e56fd34408186e4bbccfd4996cb3dc -> 
  custom:container-muxer-webm: aa71ff27fc2769a1b78a27578f13a17b -> 
  custom:container-demuxer-webm: 4f35f7cbe854078d1ac9338744f61a02 -> 
  custom:container-demuxer-ogg: 62fdf1f143b41e24485cea50d1cbac27 -> 
  custom:video-encoder-webm-vp8: eb34c28f22e8b96e1ab97ce403110664 -> 
  custom:video-decoder-webm-vp8: 9c59270c3fd7afecdb556c50c9e8de78 -> 
  custom:audio-decoder-ogg-vorbis: bf7c407c2cedff20999df2af8eb42d56 -> 
  custom:audio-encoder-webm-vorbis: bf7c407c2cedff20999df2af8eb42d56 -> 
========================================================================
Received Import Request.
  Time since last request: 151.432933 seconds.
  path: Assets/Scripts/WireHolder.cs
  artifactKey: Guid(0d861770b001ff6448b40d4d5dff1eb3) Importer(815301076,1909f56bfc062723c751e8b465ee728b)
Start importing Assets/Scripts/WireHolder.cs using Guid(0d861770b001ff6448b40d4d5dff1eb3) Importer(815301076,1909f56bfc062723c751e8b465ee728b)  -> (artifact id: '48e759cedf5ab3ea95b066b483c23b48') in 0.004741 seconds 
  Import took 0.008385 seconds .

========================================================================
Received Prepare
Registering precompiled user dll's ...
Registered in 0.003905 seconds.
Begin MonoManager ReloadAssembly
Native extension for WindowsStandalone target not found
Native extension for WebGL target not found
Refreshing native plugins compatible for Editor in 0.92 ms, found 3 plugins.
Preloading 0 native plugins for Editor in 0.00 ms.
Mono: successfully reloaded assembly
- Completed reload, in  0.973 seconds
Domain Reload Profiling:
	ReloadAssembly (974ms)
		BeginReloadAssembly (121ms)
			ExecutionOrderSort (0ms)
			DisableScriptedObjects (6ms)
			BackupInstance (0ms)
			ReleaseScriptingObjects (0ms)
			CreateAndSetChildDomain (30ms)
		EndReloadAssembly (789ms)
			LoadAssemblies (107ms)
			RebuildTransferFunctionScriptingTraits (0ms)
			SetupTypeCache (259ms)
			ReleaseScriptCaches (1ms)
			RebuildScriptCaches (41ms)
			SetupLoadedEditorAssemblies (303ms)
				LogAssemblyErrors (0ms)
				InitializePlatformSupportModulesInManaged (5ms)
				SetLoadedEditorAssemblies (1ms)
				RefreshPlugins (1ms)
				BeforeProcessingInitializeOnLoad (88ms)
				ProcessInitializeOnLoadAttributes (186ms)
				ProcessInitializeOnLoadMethodAttributes (10ms)
				AfterProcessingInitializeOnLoad (10ms)
				EditorAssembliesLoaded (0ms)
			ExecutionOrderSort2 (0ms)
			AwakeInstancesAfterBackupRestoration (8ms)
Platform modules already initialized, skipping
Refreshing native plugins compatible for Editor in 0.51 ms, found 3 plugins.
Preloading 0 native plugins for Editor in 0.00 ms.
Unloading 2371 Unused Serialized files (Serialized files now loaded: 0)
System memory in use before: 114.6 MB.
System memory in use after: 114.9 MB.

Unloading 15 unused Assets to reduce memory usage. Loaded Objects now: 2885.
Total: 2.860000 ms (FindLiveObjects: 0.199900 ms CreateObjectMapping: 0.095200 ms MarkObjects: 2.546000 ms  DeleteObjects: 0.018300 ms)

AssetImportParameters requested are different than current active one (requested -> active):
  custom:framework-win-MediaFoundation: 216162199b28c13a410421893ffa2e32 -> 
  custom:video-decoder-ogg-theora: a1e56fd34408186e4bbccfd4996cb3dc -> 
  custom:container-muxer-webm: aa71ff27fc2769a1b78a27578f13a17b -> 
  custom:container-demuxer-webm: 4f35f7cbe854078d1ac9338744f61a02 -> 
  custom:container-demuxer-ogg: 62fdf1f143b41e24485cea50d1cbac27 -> 
  custom:video-encoder-webm-vp8: eb34c28f22e8b96e1ab97ce403110664 -> 
  custom:video-decoder-webm-vp8: 9c59270c3fd7afecdb556c50c9e8de78 -> 
  custom:audio-decoder-ogg-vorbis: bf7c407c2cedff20999df2af8eb42d56 -> 
  custom:audio-encoder-webm-vorbis: bf7c407c2cedff20999df2af8eb42d56 -> 
========================================================================
Received Import Request.
  Time since last request: 12.700006 seconds.
  path: Assets/Prefabs_noninteractable/box 1.prefab
  artifactKey: Guid(b6c115ea1653bb842ac9b61955731b69) Importer(815301076,1909f56bfc062723c751e8b465ee728b)
Start importing Assets/Prefabs_noninteractable/box 1.prefab using Guid(b6c115ea1653bb842ac9b61955731b69) Importer(815301076,1909f56bfc062723c751e8b465ee728b)  -> (artifact id: '2c6ebc0933f8a6a6dbed41dc1bb54f4d') in 0.096715 seconds 
  Import took 0.101058 seconds .

========================================================================
Received Import Request.
  Time since last request: 0.000162 seconds.
  path: Assets/Prefabs_noninteractable/door.prefab
  artifactKey: Guid(85f38567597247740ba465fba36333b8) Importer(815301076,1909f56bfc062723c751e8b465ee728b)
Start importing Assets/Prefabs_noninteractable/door.prefab using Guid(85f38567597247740ba465fba36333b8) Importer(815301076,1909f56bfc062723c751e8b465ee728b)  -> (artifact id: 'ff43ad3f97b7f828a4b0c7d02b53d77c') in 0.018870 seconds 
  Import took 0.022280 seconds .

========================================================================
Received Import Request.
  Time since last request: 3.651220 seconds.
  path: Assets/Prefabs_noninteractable/TaskInterfaces/LockHolder.prefab
  artifactKey: Guid(2a585c4359cff304c8ee9fe361187171) Importer(815301076,1909f56bfc062723c751e8b465ee728b)
Start importing Assets/Prefabs_noninteractable/TaskInterfaces/LockHolder.prefab using Guid(2a585c4359cff304c8ee9fe361187171) Importer(815301076,1909f56bfc062723c751e8b465ee728b)  -> (artifact id: 'feef09344597049f64eefb17911d098f') in 0.015698 seconds 
  Import took 0.019166 seconds .

========================================================================
Received Import Request.
  Time since last request: 25.243421 seconds.
  path: Assets/Prefabs_noninteractable/TaskInterfaces/LockHolder.prefab
  artifactKey: Guid(2a585c4359cff304c8ee9fe361187171) Importer(815301076,1909f56bfc062723c751e8b465ee728b)
Start importing Assets/Prefabs_noninteractable/TaskInterfaces/LockHolder.prefab using Guid(2a585c4359cff304c8ee9fe361187171) Importer(815301076,1909f56bfc062723c751e8b465ee728b)  -> (artifact id: '820fa5131231614c6de50d4fb1493e5f') in 0.005210 seconds 
  Import took 0.008796 seconds .

========================================================================
Received Import Request.
  Time since last request: 39.634976 seconds.
  path: Assets/Prefabs_noninteractable/TaskInterfaces/LockHolder.prefab
  artifactKey: Guid(2a585c4359cff304c8ee9fe361187171) Importer(815301076,1909f56bfc062723c751e8b465ee728b)
Start importing Assets/Prefabs_noninteractable/TaskInterfaces/LockHolder.prefab using Guid(2a585c4359cff304c8ee9fe361187171) Importer(815301076,1909f56bfc062723c751e8b465ee728b)  -> (artifact id: '8e45a89bc6bdaf1924799bdf07a9ee5f') in 0.005196 seconds 
  Import took 0.009015 seconds .

========================================================================
Received Prepare
Registering precompiled user dll's ...
Registered in 0.003822 seconds.
Begin MonoManager ReloadAssembly
Native extension for WindowsStandalone target not found
Native extension for WebGL target not found
Refreshing native plugins compatible for Editor in 0.51 ms, found 3 plugins.
Preloading 0 native plugins for Editor in 0.00 ms.
Mono: successfully reloaded assembly
- Completed reload, in  0.947 seconds
Domain Reload Profiling:
	ReloadAssembly (948ms)
		BeginReloadAssembly (117ms)
			ExecutionOrderSort (0ms)
			DisableScriptedObjects (5ms)
			BackupInstance (0ms)
			ReleaseScriptingObjects (0ms)
			CreateAndSetChildDomain (31ms)
		EndReloadAssembly (769ms)
			LoadAssemblies (106ms)
			RebuildTransferFunctionScriptingTraits (0ms)
			SetupTypeCache (254ms)
			ReleaseScriptCaches (1ms)
			RebuildScriptCaches (41ms)
			SetupLoadedEditorAssemblies (291ms)
				LogAssemblyErrors (0ms)
				InitializePlatformSupportModulesInManaged (5ms)
				SetLoadedEditorAssemblies (0ms)
				RefreshPlugins (1ms)
				BeforeProcessingInitializeOnLoad (89ms)
				ProcessInitializeOnLoadAttributes (177ms)
				ProcessInitializeOnLoadMethodAttributes (10ms)
				AfterProcessingInitializeOnLoad (9ms)
				EditorAssembliesLoaded (0ms)
			ExecutionOrderSort2 (0ms)
			AwakeInstancesAfterBackupRestoration (8ms)
Platform modules already initialized, skipping
Refreshing native plugins compatible for Editor in 0.55 ms, found 3 plugins.
Preloading 0 native plugins for Editor in 0.00 ms.
Unloading 2371 Unused Serialized files (Serialized files now loaded: 0)
System memory in use before: 117.7 MB.
System memory in use after: 117.9 MB.

Unloading 15 unused Assets to reduce memory usage. Loaded Objects now: 2894.
Total: 2.888900 ms (FindLiveObjects: 0.189600 ms CreateObjectMapping: 0.091900 ms MarkObjects: 2.587100 ms  DeleteObjects: 0.019700 ms)

AssetImportParameters requested are different than current active one (requested -> active):
  custom:framework-win-MediaFoundation: 216162199b28c13a410421893ffa2e32 -> 
  custom:video-decoder-ogg-theora: a1e56fd34408186e4bbccfd4996cb3dc -> 
  custom:container-muxer-webm: aa71ff27fc2769a1b78a27578f13a17b -> 
  custom:container-demuxer-webm: 4f35f7cbe854078d1ac9338744f61a02 -> 
  custom:container-demuxer-ogg: 62fdf1f143b41e24485cea50d1cbac27 -> 
  custom:video-encoder-webm-vp8: eb34c28f22e8b96e1ab97ce403110664 -> 
  custom:video-decoder-webm-vp8: 9c59270c3fd7afecdb556c50c9e8de78 -> 
  custom:audio-decoder-ogg-vorbis: bf7c407c2cedff20999df2af8eb42d56 -> 
  custom:audio-encoder-webm-vorbis: bf7c407c2cedff20999df2af8eb42d56 -> 
========================================================================
Received Import Request.
  Time since last request: 18.504093 seconds.
  path: Assets/Prefabs_noninteractable/TaskInterfaces/LockHolder.prefab
  artifactKey: Guid(2a585c4359cff304c8ee9fe361187171) Importer(815301076,1909f56bfc062723c751e8b465ee728b)
Start importing Assets/Prefabs_noninteractable/TaskInterfaces/LockHolder.prefab using Guid(2a585c4359cff304c8ee9fe361187171) Importer(815301076,1909f56bfc062723c751e8b465ee728b)  -> (artifact id: '0cd5da779964e7a815c821e69bf278e0') in 0.033514 seconds 
  Import took 0.036912 seconds .

========================================================================
Received Import Request.
  Time since last request: 21.407353 seconds.
  path: Assets/Prefabs_noninteractable/TaskInterfaces/Bomb Warehouse.prefab
  artifactKey: Guid(67dde495774f68446979067f3c41f13b) Importer(815301076,1909f56bfc062723c751e8b465ee728b)
Start importing Assets/Prefabs_noninteractable/TaskInterfaces/Bomb Warehouse.prefab using Guid(67dde495774f68446979067f3c41f13b) Importer(815301076,1909f56bfc062723c751e8b465ee728b)  -> (artifact id: '69a14674f972a68c4543fb323c906576') in 0.040877 seconds 
  Import took 0.044645 seconds .

========================================================================
Received Import Request.
  Time since last request: 41.330467 seconds.
  path: Assets/Prefabs_noninteractable/TaskInterfaces/Box Empty.prefab
  artifactKey: Guid(3b29383a692dc4f43a71d2ec0a3434cd) Importer(815301076,1909f56bfc062723c751e8b465ee728b)
Start importing Assets/Prefabs_noninteractable/TaskInterfaces/Box Empty.prefab using Guid(3b29383a692dc4f43a71d2ec0a3434cd) Importer(815301076,1909f56bfc062723c751e8b465ee728b)  -> (artifact id: '95132c494b7453e1203f31b8eb6bd0eb') in 0.095070 seconds 
  Import took 0.100493 seconds .

========================================================================
Received Import Request.
  Time since last request: 22.411630 seconds.
  path: Assets/Prefabs_noninteractable/TaskInterfaces/box3 Task (full).prefab
  artifactKey: Guid(534f24d46b963084a915f19de9e1bb74) Importer(815301076,1909f56bfc062723c751e8b465ee728b)
Start importing Assets/Prefabs_noninteractable/TaskInterfaces/box3 Task (full).prefab using Guid(534f24d46b963084a915f19de9e1bb74) Importer(815301076,1909f56bfc062723c751e8b465ee728b)  -> (artifact id: '26d5f1943c27e790c2fd462113f737fa') in 0.058453 seconds 
  Import took 0.063888 seconds .

========================================================================
Received Import Request.
  Time since last request: 8.932697 seconds.
  path: Assets/Prefabs_noninteractable/TaskInterfaces/box3 Task (full).prefab
  artifactKey: Guid(534f24d46b963084a915f19de9e1bb74) Importer(815301076,1909f56bfc062723c751e8b465ee728b)
Start importing Assets/Prefabs_noninteractable/TaskInterfaces/box3 Task (full).prefab using Guid(534f24d46b963084a915f19de9e1bb74) Importer(815301076,1909f56bfc062723c751e8b465ee728b)  -> (artifact id: '6fb1c1cf3be1755c497b35ffcb7ae165') in 0.041224 seconds 
  Import took 0.046897 seconds .

========================================================================
Received Import Request.
  Time since last request: 10.755125 seconds.
  path: Assets/Prefabs_noninteractable/TaskInterfaces/Box ScrewDriver.prefab
  artifactKey: Guid(534f24d46b963084a915f19de9e1bb74) Importer(815301076,1909f56bfc062723c751e8b465ee728b)
Start importing Assets/Prefabs_noninteractable/TaskInterfaces/Box ScrewDriver.prefab using Guid(534f24d46b963084a915f19de9e1bb74) Importer(815301076,1909f56bfc062723c751e8b465ee728b)  -> (artifact id: 'e1b8f5310bc49646b40889e282dd5fa7') in 0.027759 seconds 
  Import took 0.032910 seconds .

========================================================================
Received Import Request.
  Time since last request: 73.104687 seconds.
  path: Assets/Prefabs_noninteractable/TaskInterfaces/Box Scissors.prefab
  artifactKey: Guid(93b3236c710f85f4a80638484e128915) Importer(815301076,1909f56bfc062723c751e8b465ee728b)
Start importing Assets/Prefabs_noninteractable/TaskInterfaces/Box Scissors.prefab using Guid(93b3236c710f85f4a80638484e128915) Importer(815301076,1909f56bfc062723c751e8b465ee728b)  -> (artifact id: 'f9bb44d57682664b7854a788115d2ec6') in 0.055316 seconds 
  Import took 0.060622 seconds .

========================================================================
Received Import Request.
  Time since last request: 19.895405 seconds.
  path: Assets/Prefabs_noninteractable/TaskInterfaces/Box ScrewDriver.prefab
  artifactKey: Guid(534f24d46b963084a915f19de9e1bb74) Importer(815301076,1909f56bfc062723c751e8b465ee728b)
Start importing Assets/Prefabs_noninteractable/TaskInterfaces/Box ScrewDriver.prefab using Guid(534f24d46b963084a915f19de9e1bb74) Importer(815301076,1909f56bfc062723c751e8b465ee728b)  -> (artifact id: 'c500dbe93de091acd83eadb322ac58e2') in 0.057835 seconds 
  Import took 0.063137 seconds .

========================================================================
Received Import Request.
  Time since last request: 37.970623 seconds.
  path: Assets/Prefabs_noninteractable/TaskInterfaces/Manual.prefab
  artifactKey: Guid(220f8778bd4ba2e4f961403b0e367a3f) Importer(815301076,1909f56bfc062723c751e8b465ee728b)
Start importing Assets/Prefabs_noninteractable/TaskInterfaces/Manual.prefab using Guid(220f8778bd4ba2e4f961403b0e367a3f) Importer(815301076,1909f56bfc062723c751e8b465ee728b)  -> (artifact id: '24e49ebf86d2497d1719d6232923c17b') in 0.004521 seconds 
  Import took 0.007841 seconds .

========================================================================
Received Prepare
Registering precompiled user dll's ...
Registered in 0.003945 seconds.
Begin MonoManager ReloadAssembly
Native extension for WindowsStandalone target not found
Native extension for WebGL target not found
Refreshing native plugins compatible for Editor in 0.51 ms, found 3 plugins.
Preloading 0 native plugins for Editor in 0.00 ms.
Mono: successfully reloaded assembly
- Completed reload, in  0.984 seconds
Domain Reload Profiling:
	ReloadAssembly (984ms)
		BeginReloadAssembly (132ms)
			ExecutionOrderSort (0ms)
			DisableScriptedObjects (7ms)
			BackupInstance (0ms)
			ReleaseScriptingObjects (0ms)
			CreateAndSetChildDomain (42ms)
		EndReloadAssembly (792ms)
			LoadAssemblies (102ms)
			RebuildTransferFunctionScriptingTraits (0ms)
			SetupTypeCache (255ms)
			ReleaseScriptCaches (1ms)
			RebuildScriptCaches (41ms)
			SetupLoadedEditorAssemblies (304ms)
				LogAssemblyErrors (0ms)
				InitializePlatformSupportModulesInManaged (5ms)
				SetLoadedEditorAssemblies (0ms)
				RefreshPlugins (1ms)
				BeforeProcessingInitializeOnLoad (99ms)
				ProcessInitializeOnLoadAttributes (179ms)
				ProcessInitializeOnLoadMethodAttributes (10ms)
				AfterProcessingInitializeOnLoad (9ms)
				EditorAssembliesLoaded (0ms)
			ExecutionOrderSort2 (0ms)
			AwakeInstancesAfterBackupRestoration (9ms)
Platform modules already initialized, skipping
Refreshing native plugins compatible for Editor in 0.54 ms, found 3 plugins.
Preloading 0 native plugins for Editor in 0.00 ms.
Unloading 2371 Unused Serialized files (Serialized files now loaded: 0)
System memory in use before: 117.7 MB.
System memory in use after: 118.0 MB.

Unloading 16 unused Assets to reduce memory usage. Loaded Objects now: 2897.
Total: 3.402000 ms (FindLiveObjects: 0.217700 ms CreateObjectMapping: 0.108700 ms MarkObjects: 3.042900 ms  DeleteObjects: 0.031400 ms)

AssetImportParameters requested are different than current active one (requested -> active):
  custom:framework-win-MediaFoundation: 216162199b28c13a410421893ffa2e32 -> 
  custom:video-decoder-ogg-theora: a1e56fd34408186e4bbccfd4996cb3dc -> 
  custom:container-muxer-webm: aa71ff27fc2769a1b78a27578f13a17b -> 
  custom:container-demuxer-webm: 4f35f7cbe854078d1ac9338744f61a02 -> 
  custom:container-demuxer-ogg: 62fdf1f143b41e24485cea50d1cbac27 -> 
  custom:video-encoder-webm-vp8: eb34c28f22e8b96e1ab97ce403110664 -> 
  custom:video-decoder-webm-vp8: 9c59270c3fd7afecdb556c50c9e8de78 -> 
  custom:audio-decoder-ogg-vorbis: bf7c407c2cedff20999df2af8eb42d56 -> 
  custom:audio-encoder-webm-vorbis: bf7c407c2cedff20999df2af8eb42d56 -> 
========================================================================
Received Prepare
Registering precompiled user dll's ...
Registered in 0.003891 seconds.
Begin MonoManager ReloadAssembly
Native extension for WindowsStandalone target not found
Native extension for WebGL target not found
Refreshing native plugins compatible for Editor in 0.50 ms, found 3 plugins.
Preloading 0 native plugins for Editor in 0.00 ms.
Mono: successfully reloaded assembly
- Completed reload, in  0.950 seconds
Domain Reload Profiling:
	ReloadAssembly (951ms)
		BeginReloadAssembly (113ms)
			ExecutionOrderSort (0ms)
			DisableScriptedObjects (6ms)
			BackupInstance (0ms)
			ReleaseScriptingObjects (0ms)
			CreateAndSetChildDomain (29ms)
		EndReloadAssembly (777ms)
			LoadAssemblies (99ms)
			RebuildTransferFunctionScriptingTraits (0ms)
			SetupTypeCache (259ms)
			ReleaseScriptCaches (1ms)
			RebuildScriptCaches (42ms)
			SetupLoadedEditorAssemblies (294ms)
				LogAssemblyErrors (0ms)
				InitializePlatformSupportModulesInManaged (5ms)
				SetLoadedEditorAssemblies (0ms)
				RefreshPlugins (1ms)
				BeforeProcessingInitializeOnLoad (89ms)
				ProcessInitializeOnLoadAttributes (178ms)
				ProcessInitializeOnLoadMethodAttributes (10ms)
				AfterProcessingInitializeOnLoad (10ms)
				EditorAssembliesLoaded (0ms)
			ExecutionOrderSort2 (0ms)
			AwakeInstancesAfterBackupRestoration (8ms)
Platform modules already initialized, skipping
Refreshing native plugins compatible for Editor in 0.50 ms, found 3 plugins.
Preloading 0 native plugins for Editor in 0.00 ms.
Unloading 2371 Unused Serialized files (Serialized files now loaded: 0)
System memory in use before: 117.8 MB.
System memory in use after: 118.0 MB.

Unloading 15 unused Assets to reduce memory usage. Loaded Objects now: 2899.
Total: 2.914400 ms (FindLiveObjects: 0.204200 ms CreateObjectMapping: 0.097400 ms MarkObjects: 2.593000 ms  DeleteObjects: 0.018700 ms)

AssetImportParameters requested are different than current active one (requested -> active):
  custom:framework-win-MediaFoundation: 216162199b28c13a410421893ffa2e32 -> 
  custom:video-decoder-ogg-theora: a1e56fd34408186e4bbccfd4996cb3dc -> 
  custom:container-muxer-webm: aa71ff27fc2769a1b78a27578f13a17b -> 
  custom:container-demuxer-webm: 4f35f7cbe854078d1ac9338744f61a02 -> 
  custom:container-demuxer-ogg: 62fdf1f143b41e24485cea50d1cbac27 -> 
  custom:video-encoder-webm-vp8: eb34c28f22e8b96e1ab97ce403110664 -> 
  custom:video-decoder-webm-vp8: 9c59270c3fd7afecdb556c50c9e8de78 -> 
  custom:audio-decoder-ogg-vorbis: bf7c407c2cedff20999df2af8eb42d56 -> 
  custom:audio-encoder-webm-vorbis: bf7c407c2cedff20999df2af8eb42d56 -> 
========================================================================
Received Import Request.
  Time since last request: 233.429824 seconds.
  path: Assets/Prefabs_noninteractable/TaskInterfaces/LockHolder.prefab
  artifactKey: Guid(2a585c4359cff304c8ee9fe361187171) Importer(815301076,1909f56bfc062723c751e8b465ee728b)
Start importing Assets/Prefabs_noninteractable/TaskInterfaces/LockHolder.prefab using Guid(2a585c4359cff304c8ee9fe361187171) Importer(815301076,1909f56bfc062723c751e8b465ee728b)  -> (artifact id: 'ac298ec24c27f7ba61ffbaf09cda231d') in 0.036049 seconds 
  Import took 0.039607 seconds .

========================================================================
Received Import Request.
  Time since last request: 3.761453 seconds.
  path: Assets/Prefabs_noninteractable/TaskInterfaces/LockHolder.prefab
  artifactKey: Guid(2a585c4359cff304c8ee9fe361187171) Importer(815301076,1909f56bfc062723c751e8b465ee728b)
Start importing Assets/Prefabs_noninteractable/TaskInterfaces/LockHolder.prefab using Guid(2a585c4359cff304c8ee9fe361187171) Importer(815301076,1909f56bfc062723c751e8b465ee728b)  -> (artifact id: '3fb62378695c5d380ada174de850ffc0') in 0.005878 seconds 
  Import took 0.009257 seconds .

========================================================================
Received Prepare
Registering precompiled user dll's ...
Registered in 0.003880 seconds.
Begin MonoManager ReloadAssembly
Native extension for WindowsStandalone target not found
Native extension for WebGL target not found
Refreshing native plugins compatible for Editor in 0.49 ms, found 3 plugins.
Preloading 0 native plugins for Editor in 0.00 ms.
Mono: successfully reloaded assembly
- Completed reload, in  0.969 seconds
Domain Reload Profiling:
	ReloadAssembly (969ms)
		BeginReloadAssembly (120ms)
			ExecutionOrderSort (0ms)
			DisableScriptedObjects (6ms)
			BackupInstance (0ms)
			ReleaseScriptingObjects (0ms)
			CreateAndSetChildDomain (30ms)
		EndReloadAssembly (787ms)
			LoadAssemblies (112ms)
			RebuildTransferFunctionScriptingTraits (0ms)
			SetupTypeCache (255ms)
			ReleaseScriptCaches (1ms)
			RebuildScriptCaches (40ms)
			SetupLoadedEditorAssemblies (301ms)
				LogAssemblyErrors (0ms)
				InitializePlatformSupportModulesInManaged (5ms)
				SetLoadedEditorAssemblies (0ms)
				RefreshPlugins (1ms)
				BeforeProcessingInitializeOnLoad (93ms)
				ProcessInitializeOnLoadAttributes (182ms)
				ProcessInitializeOnLoadMethodAttributes (10ms)
				AfterProcessingInitializeOnLoad (10ms)
				EditorAssembliesLoaded (0ms)
			ExecutionOrderSort2 (0ms)
			AwakeInstancesAfterBackupRestoration (8ms)
Platform modules already initialized, skipping
Refreshing native plugins compatible for Editor in 0.50 ms, found 3 plugins.
Preloading 0 native plugins for Editor in 0.00 ms.
Unloading 2371 Unused Serialized files (Serialized files now loaded: 0)
System memory in use before: 117.7 MB.
System memory in use after: 117.9 MB.

Unloading 15 unused Assets to reduce memory usage. Loaded Objects now: 2901.
Total: 2.901200 ms (FindLiveObjects: 0.184700 ms CreateObjectMapping: 0.098500 ms MarkObjects: 2.595800 ms  DeleteObjects: 0.021400 ms)

AssetImportParameters requested are different than current active one (requested -> active):
  custom:framework-win-MediaFoundation: 216162199b28c13a410421893ffa2e32 -> 
  custom:video-decoder-ogg-theora: a1e56fd34408186e4bbccfd4996cb3dc -> 
  custom:container-muxer-webm: aa71ff27fc2769a1b78a27578f13a17b -> 
  custom:container-demuxer-webm: 4f35f7cbe854078d1ac9338744f61a02 -> 
  custom:container-demuxer-ogg: 62fdf1f143b41e24485cea50d1cbac27 -> 
  custom:video-encoder-webm-vp8: eb34c28f22e8b96e1ab97ce403110664 -> 
  custom:video-decoder-webm-vp8: 9c59270c3fd7afecdb556c50c9e8de78 -> 
  custom:audio-decoder-ogg-vorbis: bf7c407c2cedff20999df2af8eb42d56 -> 
  custom:audio-encoder-webm-vorbis: bf7c407c2cedff20999df2af8eb42d56 -> 
========================================================================
Received Prepare
Registering precompiled user dll's ...
Registered in 0.003835 seconds.
Begin MonoManager ReloadAssembly
Native extension for WindowsStandalone target not found
Native extension for WebGL target not found
Refreshing native plugins compatible for Editor in 0.51 ms, found 3 plugins.
Preloading 0 native plugins for Editor in 0.00 ms.
Mono: successfully reloaded assembly
- Completed reload, in  0.951 seconds
Domain Reload Profiling:
	ReloadAssembly (951ms)
		BeginReloadAssembly (122ms)
			ExecutionOrderSort (0ms)
			DisableScriptedObjects (5ms)
			BackupInstance (0ms)
			ReleaseScriptingObjects (0ms)
			CreateAndSetChildDomain (40ms)
		EndReloadAssembly (769ms)
			LoadAssemblies (97ms)
			RebuildTransferFunctionScriptingTraits (0ms)
			SetupTypeCache (258ms)
			ReleaseScriptCaches (1ms)
			RebuildScriptCaches (40ms)
			SetupLoadedEditorAssemblies (292ms)
				LogAssemblyErrors (0ms)
				InitializePlatformSupportModulesInManaged (5ms)
				SetLoadedEditorAssemblies (0ms)
				RefreshPlugins (1ms)
				BeforeProcessingInitializeOnLoad (88ms)
				ProcessInitializeOnLoadAttributes (178ms)
				ProcessInitializeOnLoadMethodAttributes (10ms)
				AfterProcessingInitializeOnLoad (10ms)
				EditorAssembliesLoaded (0ms)
			ExecutionOrderSort2 (0ms)
			AwakeInstancesAfterBackupRestoration (8ms)
Platform modules already initialized, skipping
Refreshing native plugins compatible for Editor in 0.50 ms, found 3 plugins.
Preloading 0 native plugins for Editor in 0.00 ms.
Unloading 2371 Unused Serialized files (Serialized files now loaded: 0)
System memory in use before: 117.8 MB.
System memory in use after: 118.0 MB.

Unloading 15 unused Assets to reduce memory usage. Loaded Objects now: 2903.
Total: 2.719700 ms (FindLiveObjects: 0.185600 ms CreateObjectMapping: 0.111300 ms MarkObjects: 2.404400 ms  DeleteObjects: 0.017500 ms)

AssetImportParameters requested are different than current active one (requested -> active):
  custom:framework-win-MediaFoundation: 216162199b28c13a410421893ffa2e32 -> 
  custom:video-decoder-ogg-theora: a1e56fd34408186e4bbccfd4996cb3dc -> 
  custom:container-muxer-webm: aa71ff27fc2769a1b78a27578f13a17b -> 
  custom:container-demuxer-webm: 4f35f7cbe854078d1ac9338744f61a02 -> 
  custom:container-demuxer-ogg: 62fdf1f143b41e24485cea50d1cbac27 -> 
  custom:video-encoder-webm-vp8: eb34c28f22e8b96e1ab97ce403110664 -> 
  custom:video-decoder-webm-vp8: 9c59270c3fd7afecdb556c50c9e8de78 -> 
  custom:audio-decoder-ogg-vorbis: bf7c407c2cedff20999df2af8eb42d56 -> 
  custom:audio-encoder-webm-vorbis: bf7c407c2cedff20999df2af8eb42d56 -> 
========================================================================
Received Import Request.
  Time since last request: 451.273940 seconds.
  path: Assets/Scripts/LCDScreen.cs
  artifactKey: Guid(4a0da8e88ce14f94b9728e4018e500c4) Importer(815301076,1909f56bfc062723c751e8b465ee728b)
Start importing Assets/Scripts/LCDScreen.cs using Guid(4a0da8e88ce14f94b9728e4018e500c4) Importer(815301076,1909f56bfc062723c751e8b465ee728b)  -> (artifact id: 'ba64d3377c34046962678de2c2a902ba') in 0.004793 seconds 
  Import took 0.008524 seconds .

========================================================================
Received Prepare
Registering precompiled user dll's ...
Registered in 0.003982 seconds.
Begin MonoManager ReloadAssembly
Native extension for WindowsStandalone target not found
Native extension for WebGL target not found
Refreshing native plugins compatible for Editor in 0.50 ms, found 3 plugins.
Preloading 0 native plugins for Editor in 0.00 ms.
Mono: successfully reloaded assembly
- Completed reload, in  0.960 seconds
Domain Reload Profiling:
	ReloadAssembly (960ms)
		BeginReloadAssembly (118ms)
			ExecutionOrderSort (0ms)
			DisableScriptedObjects (6ms)
			BackupInstance (0ms)
			ReleaseScriptingObjects (0ms)
			CreateAndSetChildDomain (31ms)
		EndReloadAssembly (776ms)
			LoadAssemblies (105ms)
			RebuildTransferFunctionScriptingTraits (0ms)
			SetupTypeCache (258ms)
			ReleaseScriptCaches (1ms)
			RebuildScriptCaches (40ms)
			SetupLoadedEditorAssemblies (293ms)
				LogAssemblyErrors (0ms)
				InitializePlatformSupportModulesInManaged (5ms)
				SetLoadedEditorAssemblies (0ms)
				RefreshPlugins (1ms)
				BeforeProcessingInitializeOnLoad (89ms)
				ProcessInitializeOnLoadAttributes (178ms)
				ProcessInitializeOnLoadMethodAttributes (10ms)
				AfterProcessingInitializeOnLoad (10ms)
				EditorAssembliesLoaded (0ms)
			ExecutionOrderSort2 (0ms)
			AwakeInstancesAfterBackupRestoration (8ms)
Platform modules already initialized, skipping
Refreshing native plugins compatible for Editor in 0.50 ms, found 3 plugins.
Preloading 0 native plugins for Editor in 0.00 ms.
Unloading 2372 Unused Serialized files (Serialized files now loaded: 0)
System memory in use before: 117.8 MB.
System memory in use after: 118.0 MB.

Unloading 15 unused Assets to reduce memory usage. Loaded Objects now: 2906.
Total: 3.052800 ms (FindLiveObjects: 0.207800 ms CreateObjectMapping: 0.107500 ms MarkObjects: 2.717300 ms  DeleteObjects: 0.019400 ms)

AssetImportParameters requested are different than current active one (requested -> active):
  custom:framework-win-MediaFoundation: 216162199b28c13a410421893ffa2e32 -> 
  custom:video-decoder-ogg-theora: a1e56fd34408186e4bbccfd4996cb3dc -> 
  custom:container-muxer-webm: aa71ff27fc2769a1b78a27578f13a17b -> 
  custom:container-demuxer-webm: 4f35f7cbe854078d1ac9338744f61a02 -> 
  custom:container-demuxer-ogg: 62fdf1f143b41e24485cea50d1cbac27 -> 
  custom:video-encoder-webm-vp8: eb34c28f22e8b96e1ab97ce403110664 -> 
  custom:video-decoder-webm-vp8: 9c59270c3fd7afecdb556c50c9e8de78 -> 
  custom:audio-decoder-ogg-vorbis: bf7c407c2cedff20999df2af8eb42d56 -> 
  custom:audio-encoder-webm-vorbis: bf7c407c2cedff20999df2af8eb42d56 -> 
========================================================================
Received Prepare
Registering precompiled user dll's ...
Registered in 0.006320 seconds.
Begin MonoManager ReloadAssembly
Native extension for WindowsStandalone target not found
Native extension for WebGL target not found
Refreshing native plugins compatible for Editor in 0.51 ms, found 3 plugins.
Preloading 0 native plugins for Editor in 0.00 ms.
Mono: successfully reloaded assembly
- Completed reload, in  0.977 seconds
Domain Reload Profiling:
	ReloadAssembly (977ms)
		BeginReloadAssembly (121ms)
			ExecutionOrderSort (0ms)
			DisableScriptedObjects (9ms)
			BackupInstance (0ms)
			ReleaseScriptingObjects (0ms)
			CreateAndSetChildDomain (30ms)
		EndReloadAssembly (793ms)
			LoadAssemblies (105ms)
			RebuildTransferFunctionScriptingTraits (0ms)
			SetupTypeCache (265ms)
			ReleaseScriptCaches (1ms)
			RebuildScriptCaches (41ms)
			SetupLoadedEditorAssemblies (297ms)
				LogAssemblyErrors (0ms)
				InitializePlatformSupportModulesInManaged (5ms)
				SetLoadedEditorAssemblies (0ms)
				RefreshPlugins (1ms)
				BeforeProcessingInitializeOnLoad (91ms)
				ProcessInitializeOnLoadAttributes (180ms)
				ProcessInitializeOnLoadMethodAttributes (10ms)
				AfterProcessingInitializeOnLoad (10ms)
				EditorAssembliesLoaded (0ms)
			ExecutionOrderSort2 (0ms)
			AwakeInstancesAfterBackupRestoration (10ms)
Platform modules already initialized, skipping
Refreshing native plugins compatible for Editor in 0.50 ms, found 3 plugins.
Preloading 0 native plugins for Editor in 0.00 ms.
Unloading 2372 Unused Serialized files (Serialized files now loaded: 0)
System memory in use before: 117.8 MB.
System memory in use after: 118.0 MB.

Unloading 15 unused Assets to reduce memory usage. Loaded Objects now: 2908.
Total: 2.781700 ms (FindLiveObjects: 0.206500 ms CreateObjectMapping: 0.101600 ms MarkObjects: 2.454900 ms  DeleteObjects: 0.018100 ms)

AssetImportParameters requested are different than current active one (requested -> active):
  custom:framework-win-MediaFoundation: 216162199b28c13a410421893ffa2e32 -> 
  custom:video-decoder-ogg-theora: a1e56fd34408186e4bbccfd4996cb3dc -> 
  custom:container-muxer-webm: aa71ff27fc2769a1b78a27578f13a17b -> 
  custom:container-demuxer-webm: 4f35f7cbe854078d1ac9338744f61a02 -> 
  custom:container-demuxer-ogg: 62fdf1f143b41e24485cea50d1cbac27 -> 
  custom:video-encoder-webm-vp8: eb34c28f22e8b96e1ab97ce403110664 -> 
  custom:video-decoder-webm-vp8: 9c59270c3fd7afecdb556c50c9e8de78 -> 
  custom:audio-decoder-ogg-vorbis: bf7c407c2cedff20999df2af8eb42d56 -> 
  custom:audio-encoder-webm-vorbis: bf7c407c2cedff20999df2af8eb42d56 -> 
========================================================================
Received Prepare
Registering precompiled user dll's ...
Registered in 0.003886 seconds.
Begin MonoManager ReloadAssembly
Native extension for WindowsStandalone target not found
Native extension for WebGL target not found
Refreshing native plugins compatible for Editor in 0.50 ms, found 3 plugins.
Preloading 0 native plugins for Editor in 0.00 ms.
Mono: successfully reloaded assembly
- Completed reload, in  0.949 seconds
Domain Reload Profiling:
	ReloadAssembly (950ms)
		BeginReloadAssembly (117ms)
			ExecutionOrderSort (0ms)
			DisableScriptedObjects (6ms)
			BackupInstance (0ms)
			ReleaseScriptingObjects (0ms)
			CreateAndSetChildDomain (30ms)
		EndReloadAssembly (771ms)
			LoadAssemblies (101ms)
			RebuildTransferFunctionScriptingTraits (0ms)
			SetupTypeCache (254ms)
			ReleaseScriptCaches (1ms)
			RebuildScriptCaches (39ms)
			SetupLoadedEditorAssemblies (296ms)
				LogAssemblyErrors (0ms)
				InitializePlatformSupportModulesInManaged (5ms)
				SetLoadedEditorAssemblies (0ms)
				RefreshPlugins (1ms)
				BeforeProcessingInitializeOnLoad (88ms)
				ProcessInitializeOnLoadAttributes (181ms)
				ProcessInitializeOnLoadMethodAttributes (10ms)
				AfterProcessingInitializeOnLoad (10ms)
				EditorAssembliesLoaded (0ms)
			ExecutionOrderSort2 (0ms)
			AwakeInstancesAfterBackupRestoration (8ms)
Platform modules already initialized, skipping
Refreshing native plugins compatible for Editor in 0.52 ms, found 3 plugins.
Preloading 0 native plugins for Editor in 0.00 ms.
Unloading 2372 Unused Serialized files (Serialized files now loaded: 0)
System memory in use before: 117.8 MB.
System memory in use after: 118.0 MB.

Unloading 15 unused Assets to reduce memory usage. Loaded Objects now: 2910.
Total: 2.723500 ms (FindLiveObjects: 0.192100 ms CreateObjectMapping: 0.106300 ms MarkObjects: 2.405400 ms  DeleteObjects: 0.018900 ms)

AssetImportParameters requested are different than current active one (requested -> active):
  custom:framework-win-MediaFoundation: 216162199b28c13a410421893ffa2e32 -> 
  custom:video-decoder-ogg-theora: a1e56fd34408186e4bbccfd4996cb3dc -> 
  custom:container-muxer-webm: aa71ff27fc2769a1b78a27578f13a17b -> 
  custom:container-demuxer-webm: 4f35f7cbe854078d1ac9338744f61a02 -> 
  custom:container-demuxer-ogg: 62fdf1f143b41e24485cea50d1cbac27 -> 
  custom:video-encoder-webm-vp8: eb34c28f22e8b96e1ab97ce403110664 -> 
  custom:video-decoder-webm-vp8: 9c59270c3fd7afecdb556c50c9e8de78 -> 
  custom:audio-decoder-ogg-vorbis: bf7c407c2cedff20999df2af8eb42d56 -> 
  custom:audio-encoder-webm-vorbis: bf7c407c2cedff20999df2af8eb42d56 -> 
========================================================================
Received Import Request.
  Time since last request: 209.591503 seconds.
  path: Assets/Prefabs_noninteractable/TaskInterfaces/Bomb Warehouse.prefab
  artifactKey: Guid(67dde495774f68446979067f3c41f13b) Importer(815301076,1909f56bfc062723c751e8b465ee728b)
Start importing Assets/Prefabs_noninteractable/TaskInterfaces/Bomb Warehouse.prefab using Guid(67dde495774f68446979067f3c41f13b) Importer(815301076,1909f56bfc062723c751e8b465ee728b)  -> (artifact id: '53cb7326857fe3071268a2d04236bf06') in 0.071839 seconds 
  Import took 0.075678 seconds .

========================================================================
Received Prepare
Registering precompiled user dll's ...
Registered in 0.003884 seconds.
Begin MonoManager ReloadAssembly
Native extension for WindowsStandalone target not found
Native extension for WebGL target not found
Refreshing native plugins compatible for Editor in 0.52 ms, found 3 plugins.
Preloading 0 native plugins for Editor in 0.00 ms.
Mono: successfully reloaded assembly
- Completed reload, in  1.030 seconds
Domain Reload Profiling:
	ReloadAssembly (1031ms)
		BeginReloadAssembly (118ms)
			ExecutionOrderSort (0ms)
			DisableScriptedObjects (6ms)
			BackupInstance (0ms)
			ReleaseScriptingObjects (0ms)
			CreateAndSetChildDomain (31ms)
		EndReloadAssembly (844ms)
			LoadAssemblies (104ms)
			RebuildTransferFunctionScriptingTraits (0ms)
			SetupTypeCache (281ms)
			ReleaseScriptCaches (1ms)
			RebuildScriptCaches (42ms)
			SetupLoadedEditorAssemblies (326ms)
				LogAssemblyErrors (0ms)
				InitializePlatformSupportModulesInManaged (5ms)
				SetLoadedEditorAssemblies (0ms)
				RefreshPlugins (1ms)
				BeforeProcessingInitializeOnLoad (97ms)
				ProcessInitializeOnLoadAttributes (200ms)
				ProcessInitializeOnLoadMethodAttributes (12ms)
				AfterProcessingInitializeOnLoad (12ms)
				EditorAssembliesLoaded (0ms)
			ExecutionOrderSort2 (0ms)
			AwakeInstancesAfterBackupRestoration (8ms)
Platform modules already initialized, skipping
Refreshing native plugins compatible for Editor in 0.56 ms, found 3 plugins.
Preloading 0 native plugins for Editor in 0.00 ms.
Unloading 2372 Unused Serialized files (Serialized files now loaded: 0)
System memory in use before: 117.7 MB.
System memory in use after: 117.9 MB.

Unloading 16 unused Assets to reduce memory usage. Loaded Objects now: 2912.
Total: 3.001700 ms (FindLiveObjects: 0.215100 ms CreateObjectMapping: 0.105100 ms MarkObjects: 2.656600 ms  DeleteObjects: 0.023900 ms)

AssetImportParameters requested are different than current active one (requested -> active):
  custom:framework-win-MediaFoundation: 216162199b28c13a410421893ffa2e32 -> 
  custom:video-decoder-ogg-theora: a1e56fd34408186e4bbccfd4996cb3dc -> 
  custom:container-muxer-webm: aa71ff27fc2769a1b78a27578f13a17b -> 
  custom:container-demuxer-webm: 4f35f7cbe854078d1ac9338744f61a02 -> 
  custom:container-demuxer-ogg: 62fdf1f143b41e24485cea50d1cbac27 -> 
  custom:video-encoder-webm-vp8: eb34c28f22e8b96e1ab97ce403110664 -> 
  custom:video-decoder-webm-vp8: 9c59270c3fd7afecdb556c50c9e8de78 -> 
  custom:audio-decoder-ogg-vorbis: bf7c407c2cedff20999df2af8eb42d56 -> 
  custom:audio-encoder-webm-vorbis: bf7c407c2cedff20999df2af8eb42d56 -> 
========================================================================
Received Prepare
Registering precompiled user dll's ...
Registered in 0.003944 seconds.
Begin MonoManager ReloadAssembly
Native extension for WindowsStandalone target not found
Native extension for WebGL target not found
Refreshing native plugins compatible for Editor in 0.50 ms, found 3 plugins.
Preloading 0 native plugins for Editor in 0.00 ms.
Mono: successfully reloaded assembly
- Completed reload, in  0.980 seconds
Domain Reload Profiling:
	ReloadAssembly (981ms)
		BeginReloadAssembly (116ms)
			ExecutionOrderSort (0ms)
			DisableScriptedObjects (6ms)
			BackupInstance (0ms)
			ReleaseScriptingObjects (0ms)
			CreateAndSetChildDomain (31ms)
		EndReloadAssembly (803ms)
			LoadAssemblies (101ms)
			RebuildTransferFunctionScriptingTraits (0ms)
			SetupTypeCache (263ms)
			ReleaseScriptCaches (1ms)
			RebuildScriptCaches (44ms)
			SetupLoadedEditorAssemblies (309ms)
				LogAssemblyErrors (0ms)
				InitializePlatformSupportModulesInManaged (5ms)
				SetLoadedEditorAssemblies (0ms)
				RefreshPlugins (1ms)
				BeforeProcessingInitializeOnLoad (94ms)
				ProcessInitializeOnLoadAttributes (188ms)
				ProcessInitializeOnLoadMethodAttributes (11ms)
				AfterProcessingInitializeOnLoad (9ms)
				EditorAssembliesLoaded (0ms)
			ExecutionOrderSort2 (0ms)
			AwakeInstancesAfterBackupRestoration (10ms)
Platform modules already initialized, skipping
Refreshing native plugins compatible for Editor in 0.51 ms, found 3 plugins.
Preloading 0 native plugins for Editor in 0.00 ms.
Unloading 2372 Unused Serialized files (Serialized files now loaded: 0)
System memory in use before: 117.8 MB.
System memory in use after: 118.0 MB.

Unloading 15 unused Assets to reduce memory usage. Loaded Objects now: 2914.
Total: 2.727300 ms (FindLiveObjects: 0.197300 ms CreateObjectMapping: 0.108100 ms MarkObjects: 2.400400 ms  DeleteObjects: 0.020500 ms)

AssetImportParameters requested are different than current active one (requested -> active):
  custom:framework-win-MediaFoundation: 216162199b28c13a410421893ffa2e32 -> 
  custom:video-decoder-ogg-theora: a1e56fd34408186e4bbccfd4996cb3dc -> 
  custom:container-muxer-webm: aa71ff27fc2769a1b78a27578f13a17b -> 
  custom:container-demuxer-webm: 4f35f7cbe854078d1ac9338744f61a02 -> 
  custom:container-demuxer-ogg: 62fdf1f143b41e24485cea50d1cbac27 -> 
  custom:video-encoder-webm-vp8: eb34c28f22e8b96e1ab97ce403110664 -> 
  custom:video-decoder-webm-vp8: 9c59270c3fd7afecdb556c50c9e8de78 -> 
  custom:audio-decoder-ogg-vorbis: bf7c407c2cedff20999df2af8eb42d56 -> 
  custom:audio-encoder-webm-vorbis: bf7c407c2cedff20999df2af8eb42d56 -> 
========================================================================
Received Prepare
Registering precompiled user dll's ...
Registered in 0.003912 seconds.
Begin MonoManager ReloadAssembly
Native extension for WindowsStandalone target not found
Native extension for WebGL target not found
Refreshing native plugins compatible for Editor in 0.52 ms, found 3 plugins.
Preloading 0 native plugins for Editor in 0.00 ms.
Mono: successfully reloaded assembly
- Completed reload, in  0.943 seconds
Domain Reload Profiling:
	ReloadAssembly (943ms)
		BeginReloadAssembly (113ms)
			ExecutionOrderSort (0ms)
			DisableScriptedObjects (6ms)
			BackupInstance (0ms)
			ReleaseScriptingObjects (0ms)
			CreateAndSetChildDomain (29ms)
		EndReloadAssembly (770ms)
			LoadAssemblies (101ms)
			RebuildTransferFunctionScriptingTraits (0ms)
			SetupTypeCache (253ms)
			ReleaseScriptCaches (1ms)
			RebuildScriptCaches (40ms)
			SetupLoadedEditorAssemblies (292ms)
				LogAssemblyErrors (0ms)
				InitializePlatformSupportModulesInManaged (5ms)
				SetLoadedEditorAssemblies (0ms)
				RefreshPlugins (1ms)
				BeforeProcessingInitializeOnLoad (88ms)
				ProcessInitializeOnLoadAttributes (178ms)
				ProcessInitializeOnLoadMethodAttributes (10ms)
				AfterProcessingInitializeOnLoad (9ms)
				EditorAssembliesLoaded (0ms)
			ExecutionOrderSort2 (0ms)
			AwakeInstancesAfterBackupRestoration (11ms)
Platform modules already initialized, skipping
Refreshing native plugins compatible for Editor in 0.49 ms, found 3 plugins.
Preloading 0 native plugins for Editor in 0.00 ms.
Unloading 2372 Unused Serialized files (Serialized files now loaded: 0)
System memory in use before: 117.8 MB.
System memory in use after: 118.0 MB.

Unloading 15 unused Assets to reduce memory usage. Loaded Objects now: 2916.
Total: 2.890200 ms (FindLiveObjects: 0.205200 ms CreateObjectMapping: 0.097600 ms MarkObjects: 2.568700 ms  DeleteObjects: 0.018000 ms)

AssetImportParameters requested are different than current active one (requested -> active):
  custom:framework-win-MediaFoundation: 216162199b28c13a410421893ffa2e32 -> 
  custom:video-decoder-ogg-theora: a1e56fd34408186e4bbccfd4996cb3dc -> 
  custom:container-muxer-webm: aa71ff27fc2769a1b78a27578f13a17b -> 
  custom:container-demuxer-webm: 4f35f7cbe854078d1ac9338744f61a02 -> 
  custom:container-demuxer-ogg: 62fdf1f143b41e24485cea50d1cbac27 -> 
  custom:video-encoder-webm-vp8: eb34c28f22e8b96e1ab97ce403110664 -> 
  custom:video-decoder-webm-vp8: 9c59270c3fd7afecdb556c50c9e8de78 -> 
  custom:audio-decoder-ogg-vorbis: bf7c407c2cedff20999df2af8eb42d56 -> 
  custom:audio-encoder-webm-vorbis: bf7c407c2cedff20999df2af8eb42d56 -> 
========================================================================
Received Import Request.
  Time since last request: 107.627077 seconds.
  path: Assets/Prefabs_noninteractable/TaskInterfaces/Bomb Warehouse.prefab
  artifactKey: Guid(67dde495774f68446979067f3c41f13b) Importer(815301076,1909f56bfc062723c751e8b465ee728b)
Start importing Assets/Prefabs_noninteractable/TaskInterfaces/Bomb Warehouse.prefab using Guid(67dde495774f68446979067f3c41f13b) Importer(815301076,1909f56bfc062723c751e8b465ee728b)  -> (artifact id: '6ae0d6af18476f98d854077dd5e6b031') in 0.067836 seconds 
  Import took 0.071530 seconds .

========================================================================
Received Prepare
Registering precompiled user dll's ...
Registered in 0.003984 seconds.
Begin MonoManager ReloadAssembly
Native extension for WindowsStandalone target not found
Native extension for WebGL target not found
Refreshing native plugins compatible for Editor in 0.50 ms, found 3 plugins.
Preloading 0 native plugins for Editor in 0.00 ms.
Mono: successfully reloaded assembly
- Completed reload, in  0.946 seconds
Domain Reload Profiling:
	ReloadAssembly (947ms)
		BeginReloadAssembly (112ms)
			ExecutionOrderSort (0ms)
			DisableScriptedObjects (6ms)
			BackupInstance (0ms)
			ReleaseScriptingObjects (0ms)
			CreateAndSetChildDomain (29ms)
		EndReloadAssembly (775ms)
			LoadAssemblies (99ms)
			RebuildTransferFunctionScriptingTraits (0ms)
			SetupTypeCache (260ms)
			ReleaseScriptCaches (1ms)
			RebuildScriptCaches (41ms)
			SetupLoadedEditorAssemblies (293ms)
				LogAssemblyErrors (0ms)
				InitializePlatformSupportModulesInManaged (5ms)
				SetLoadedEditorAssemblies (0ms)
				RefreshPlugins (1ms)
				BeforeProcessingInitializeOnLoad (89ms)
				ProcessInitializeOnLoadAttributes (178ms)
				ProcessInitializeOnLoadMethodAttributes (10ms)
				AfterProcessingInitializeOnLoad (9ms)
				EditorAssembliesLoaded (0ms)
			ExecutionOrderSort2 (0ms)
			AwakeInstancesAfterBackupRestoration (8ms)
Platform modules already initialized, skipping
Refreshing native plugins compatible for Editor in 0.50 ms, found 3 plugins.
Preloading 0 native plugins for Editor in 0.00 ms.
Unloading 2372 Unused Serialized files (Serialized files now loaded: 0)
System memory in use before: 117.8 MB.
System memory in use after: 118.0 MB.

Unloading 16 unused Assets to reduce memory usage. Loaded Objects now: 2918.
Total: 2.759800 ms (FindLiveObjects: 0.202600 ms CreateObjectMapping: 0.122100 ms MarkObjects: 2.373100 ms  DeleteObjects: 0.061500 ms)

AssetImportParameters requested are different than current active one (requested -> active):
  custom:framework-win-MediaFoundation: 216162199b28c13a410421893ffa2e32 -> 
  custom:video-decoder-ogg-theora: a1e56fd34408186e4bbccfd4996cb3dc -> 
  custom:container-muxer-webm: aa71ff27fc2769a1b78a27578f13a17b -> 
  custom:container-demuxer-webm: 4f35f7cbe854078d1ac9338744f61a02 -> 
  custom:container-demuxer-ogg: 62fdf1f143b41e24485cea50d1cbac27 -> 
  custom:video-encoder-webm-vp8: eb34c28f22e8b96e1ab97ce403110664 -> 
  custom:video-decoder-webm-vp8: 9c59270c3fd7afecdb556c50c9e8de78 -> 
  custom:audio-decoder-ogg-vorbis: bf7c407c2cedff20999df2af8eb42d56 -> 
  custom:audio-encoder-webm-vorbis: bf7c407c2cedff20999df2af8eb42d56 -> 
========================================================================
Received Import Request.
  Time since last request: 30.732086 seconds.
  path: Assets/Prefabs_noninteractable/TaskInterfaces/LockHolder.prefab
  artifactKey: Guid(2a585c4359cff304c8ee9fe361187171) Importer(815301076,1909f56bfc062723c751e8b465ee728b)
Start importing Assets/Prefabs_noninteractable/TaskInterfaces/LockHolder.prefab using Guid(2a585c4359cff304c8ee9fe361187171) Importer(815301076,1909f56bfc062723c751e8b465ee728b)  -> (artifact id: 'ae0f6e3ee490f150206a8cb3bc97b773') in 0.033371 seconds 
  Import took 0.036683 seconds .

========================================================================
Received Prepare
Registering precompiled user dll's ...
Registered in 0.003795 seconds.
Begin MonoManager ReloadAssembly
Native extension for WindowsStandalone target not found
Native extension for WebGL target not found
Refreshing native plugins compatible for Editor in 0.51 ms, found 3 plugins.
Preloading 0 native plugins for Editor in 0.00 ms.
Mono: successfully reloaded assembly
- Completed reload, in  0.961 seconds
Domain Reload Profiling:
	ReloadAssembly (961ms)
		BeginReloadAssembly (114ms)
			ExecutionOrderSort (0ms)
			DisableScriptedObjects (6ms)
			BackupInstance (0ms)
			ReleaseScriptingObjects (0ms)
			CreateAndSetChildDomain (28ms)
		EndReloadAssembly (784ms)
			LoadAssemblies (104ms)
			RebuildTransferFunctionScriptingTraits (0ms)
			SetupTypeCache (261ms)
			ReleaseScriptCaches (1ms)
			RebuildScriptCaches (41ms)
			SetupLoadedEditorAssemblies (298ms)
				LogAssemblyErrors (0ms)
				InitializePlatformSupportModulesInManaged (5ms)
				SetLoadedEditorAssemblies (0ms)
				RefreshPlugins (1ms)
				BeforeProcessingInitializeOnLoad (88ms)
				ProcessInitializeOnLoadAttributes (186ms)
				ProcessInitializeOnLoadMethodAttributes (10ms)
				AfterProcessingInitializeOnLoad (9ms)
				EditorAssembliesLoaded (0ms)
			ExecutionOrderSort2 (0ms)
			AwakeInstancesAfterBackupRestoration (8ms)
Platform modules already initialized, skipping
Refreshing native plugins compatible for Editor in 0.86 ms, found 3 plugins.
Preloading 0 native plugins for Editor in 0.00 ms.
Unloading 2372 Unused Serialized files (Serialized files now loaded: 0)
System memory in use before: 117.8 MB.
System memory in use after: 118.0 MB.

Unloading 15 unused Assets to reduce memory usage. Loaded Objects now: 2920.
Total: 3.296100 ms (FindLiveObjects: 0.223400 ms CreateObjectMapping: 0.110800 ms MarkObjects: 2.938900 ms  DeleteObjects: 0.021900 ms)

AssetImportParameters requested are different than current active one (requested -> active):
  custom:framework-win-MediaFoundation: 216162199b28c13a410421893ffa2e32 -> 
  custom:video-decoder-ogg-theora: a1e56fd34408186e4bbccfd4996cb3dc -> 
  custom:container-muxer-webm: aa71ff27fc2769a1b78a27578f13a17b -> 
  custom:container-demuxer-webm: 4f35f7cbe854078d1ac9338744f61a02 -> 
  custom:container-demuxer-ogg: 62fdf1f143b41e24485cea50d1cbac27 -> 
  custom:video-encoder-webm-vp8: eb34c28f22e8b96e1ab97ce403110664 -> 
  custom:video-decoder-webm-vp8: 9c59270c3fd7afecdb556c50c9e8de78 -> 
  custom:audio-decoder-ogg-vorbis: bf7c407c2cedff20999df2af8eb42d56 -> 
  custom:audio-encoder-webm-vorbis: bf7c407c2cedff20999df2af8eb42d56 -> 
========================================================================
Received Import Request.
  Time since last request: 15.742846 seconds.
  path: Assets/Prefabs_noninteractable/TaskInterfaces/LockHolder.prefab
  artifactKey: Guid(2a585c4359cff304c8ee9fe361187171) Importer(815301076,1909f56bfc062723c751e8b465ee728b)
Start importing Assets/Prefabs_noninteractable/TaskInterfaces/LockHolder.prefab using Guid(2a585c4359cff304c8ee9fe361187171) Importer(815301076,1909f56bfc062723c751e8b465ee728b)  -> (artifact id: '14d57716cbc43019f94d66877548358c') in 0.034940 seconds 
  Import took 0.038477 seconds .

========================================================================
Received Prepare
Registering precompiled user dll's ...
Registered in 0.003980 seconds.
Begin MonoManager ReloadAssembly
Native extension for WindowsStandalone target not found
Native extension for WebGL target not found
Refreshing native plugins compatible for Editor in 0.52 ms, found 3 plugins.
Preloading 0 native plugins for Editor in 0.00 ms.
Mono: successfully reloaded assembly
- Completed reload, in  0.955 seconds
Domain Reload Profiling:
	ReloadAssembly (955ms)
		BeginReloadAssembly (111ms)
			ExecutionOrderSort (0ms)
			DisableScriptedObjects (6ms)
			BackupInstance (0ms)
			ReleaseScriptingObjects (0ms)
			CreateAndSetChildDomain (28ms)
		EndReloadAssembly (783ms)
			LoadAssemblies (99ms)
			RebuildTransferFunctionScriptingTraits (0ms)
			SetupTypeCache (265ms)
			ReleaseScriptCaches (1ms)
			RebuildScriptCaches (43ms)
			SetupLoadedEditorAssemblies (292ms)
				LogAssemblyErrors (0ms)
				InitializePlatformSupportModulesInManaged (5ms)
				SetLoadedEditorAssemblies (0ms)
				RefreshPlugins (1ms)
				BeforeProcessingInitializeOnLoad (88ms)
				ProcessInitializeOnLoadAttributes (178ms)
				ProcessInitializeOnLoadMethodAttributes (10ms)
				AfterProcessingInitializeOnLoad (9ms)
				EditorAssembliesLoaded (0ms)
			ExecutionOrderSort2 (0ms)
			AwakeInstancesAfterBackupRestoration (8ms)
Platform modules already initialized, skipping
Refreshing native plugins compatible for Editor in 0.51 ms, found 3 plugins.
Preloading 0 native plugins for Editor in 0.00 ms.
Unloading 2372 Unused Serialized files (Serialized files now loaded: 0)
System memory in use before: 117.7 MB.
System memory in use after: 118.0 MB.

Unloading 15 unused Assets to reduce memory usage. Loaded Objects now: 2922.
Total: 2.848700 ms (FindLiveObjects: 0.187600 ms CreateObjectMapping: 0.105600 ms MarkObjects: 2.537000 ms  DeleteObjects: 0.017400 ms)

AssetImportParameters requested are different than current active one (requested -> active):
  custom:framework-win-MediaFoundation: 216162199b28c13a410421893ffa2e32 -> 
  custom:video-decoder-ogg-theora: a1e56fd34408186e4bbccfd4996cb3dc -> 
  custom:container-muxer-webm: aa71ff27fc2769a1b78a27578f13a17b -> 
  custom:container-demuxer-webm: 4f35f7cbe854078d1ac9338744f61a02 -> 
  custom:container-demuxer-ogg: 62fdf1f143b41e24485cea50d1cbac27 -> 
  custom:video-encoder-webm-vp8: eb34c28f22e8b96e1ab97ce403110664 -> 
  custom:video-decoder-webm-vp8: 9c59270c3fd7afecdb556c50c9e8de78 -> 
  custom:audio-decoder-ogg-vorbis: bf7c407c2cedff20999df2af8eb42d56 -> 
  custom:audio-encoder-webm-vorbis: bf7c407c2cedff20999df2af8eb42d56 -> 
========================================================================
Received Import Request.
  Time since last request: 31.111632 seconds.
  path: Assets/Prefabs_noninteractable/TaskInterfaces/LockHolder.prefab
  artifactKey: Guid(2a585c4359cff304c8ee9fe361187171) Importer(815301076,1909f56bfc062723c751e8b465ee728b)
Start importing Assets/Prefabs_noninteractable/TaskInterfaces/LockHolder.prefab using Guid(2a585c4359cff304c8ee9fe361187171) Importer(815301076,1909f56bfc062723c751e8b465ee728b)  -> (artifact id: '605dbd79ad146e57f09be06985db341e') in 0.034336 seconds 
  Import took 0.037848 seconds .

========================================================================
Received Prepare
Registering precompiled user dll's ...
Registered in 0.003788 seconds.
Begin MonoManager ReloadAssembly
Native extension for WindowsStandalone target not found
Native extension for WebGL target not found
Refreshing native plugins compatible for Editor in 0.51 ms, found 3 plugins.
Preloading 0 native plugins for Editor in 0.00 ms.
Mono: successfully reloaded assembly
- Completed reload, in  0.956 seconds
Domain Reload Profiling:
	ReloadAssembly (956ms)
		BeginReloadAssembly (114ms)
			ExecutionOrderSort (0ms)
			DisableScriptedObjects (6ms)
			BackupInstance (0ms)
			ReleaseScriptingObjects (0ms)
			CreateAndSetChildDomain (29ms)
		EndReloadAssembly (782ms)
			LoadAssemblies (103ms)
			RebuildTransferFunctionScriptingTraits (0ms)
			SetupTypeCache (261ms)
			ReleaseScriptCaches (1ms)
			RebuildScriptCaches (40ms)
			SetupLoadedEditorAssemblies (297ms)
				LogAssemblyErrors (0ms)
				InitializePlatformSupportModulesInManaged (5ms)
				SetLoadedEditorAssemblies (0ms)
				RefreshPlugins (1ms)
				BeforeProcessingInitializeOnLoad (87ms)
				ProcessInitializeOnLoadAttributes (185ms)
				ProcessInitializeOnLoadMethodAttributes (10ms)
				AfterProcessingInitializeOnLoad (9ms)
				EditorAssembliesLoaded (0ms)
			ExecutionOrderSort2 (0ms)
			AwakeInstancesAfterBackupRestoration (8ms)
Platform modules already initialized, skipping
Refreshing native plugins compatible for Editor in 0.52 ms, found 3 plugins.
Preloading 0 native plugins for Editor in 0.00 ms.
Unloading 2372 Unused Serialized files (Serialized files now loaded: 0)
System memory in use before: 117.8 MB.
System memory in use after: 118.1 MB.

Unloading 15 unused Assets to reduce memory usage. Loaded Objects now: 2924.
Total: 3.953900 ms (FindLiveObjects: 0.309900 ms CreateObjectMapping: 0.197600 ms MarkObjects: 3.418200 ms  DeleteObjects: 0.026200 ms)

AssetImportParameters requested are different than current active one (requested -> active):
  custom:framework-win-MediaFoundation: 216162199b28c13a410421893ffa2e32 -> 
  custom:video-decoder-ogg-theora: a1e56fd34408186e4bbccfd4996cb3dc -> 
  custom:container-muxer-webm: aa71ff27fc2769a1b78a27578f13a17b -> 
  custom:container-demuxer-webm: 4f35f7cbe854078d1ac9338744f61a02 -> 
  custom:container-demuxer-ogg: 62fdf1f143b41e24485cea50d1cbac27 -> 
  custom:video-encoder-webm-vp8: eb34c28f22e8b96e1ab97ce403110664 -> 
  custom:video-decoder-webm-vp8: 9c59270c3fd7afecdb556c50c9e8de78 -> 
  custom:audio-decoder-ogg-vorbis: bf7c407c2cedff20999df2af8eb42d56 -> 
  custom:audio-encoder-webm-vorbis: bf7c407c2cedff20999df2af8eb42d56 -> 
AssetImportWorkerClient::OnTransportError - code=2 error=End of file
